EVTDESCDUEL2;Your flagship approaches [duelist_1.GetTitledFirstName]'s slowly, standing at general quarters. You order torpedos readied, to be fired at optimal range. [duelist_1.GetTitledFirstName] brings their PDCs online, preparing to defend themselves.;Vous et [duelist_1.GetTitledFirstName] vous tournez lentement autour, tendus et concentrés, guettant chez l’autre le moindre signe de faiblesse, la moindre ouverture dans sa défense. ;;;Tú y [duelist_1.GetTitledFirstName] os posicionáis frente a frente, la tensión se palpa en el ambiente. Lo observas buscando signos de flaqueza para descubrir alguna brecha en su defensa y dirigir el golpe.;;;;;;;;;x
EVTDESCDUEL2BATTLE;In the midst of the battle your flagship approaches [duelist_1.GetTitledFirstName]'s slowly, preparing to fire at optimal range. Encrypted chatter from nearby warships become a backdrop as the bridge goes silent, in anticipation of your order to fire.;Au milieu de la bataille, vous et [duelist_1.GetTitledFirstName] vous tournez autour, tendus, concentrés. L'univers furieux et sanglant autour de vous semble ralentir alors que vous êtes à l'affût du moindre signe de faiblesse, de la moindre ouverture dans sa défense que vous pourriez exploiter.;;;En mitad del combate tú y [duelist_1.GetTitledFirstName] os posicionáis frente a frente, la tensión se palpa en el ambiente. El tiempo parece ir cada vez más despacio mientras buscas algún signo de flaqueza para descubrir alguna brecha que pueda darte ventaja.;;;;;;;;;x
EVTDESCDUEL2TRIALBYCOMBAT;Cold and indifferent orbital nav buoys look on as as your flagship approaches [duelist_1.GetTitledFirstName]'s own. LADAR scans the surrounding area to discover enemy reinforcements, confirming none. [duelist_1.GetHerHim] won't live the hour.;Les membres de la cour vous observent en silence alors que vous faîtes face à [duelist_1.GetTitledFirstName] dans ce duel judiciaire. Vous êtes à l'affût du moindre signe de faiblesse, de la moindre ouverture dans sa défense que vous pourriez exploiter.;;;La corte está muy tensa cuando tú y [FromFrom.GetTitledFirstName] os enfrentáis en el duelo. Lo observas buscando signos de flaqueza para descubrir alguna brecha en su defensa y dirigir el golpe.;;;;;;;;;x
EVTDESCDUEL2WOUNDED;Klaxons blare as battle lighting kicks in, repair teams dispatched to various decks in the wake of a precision railgun strike. Blood begins floating from your chest after a gravgen malfunction, and somewhere along the line you had hit your head too. [duelist_1.GetTitledFirstName] is a competent or lucky commander, but the day is not out yet. Your flagship is operable, and you still have options.;[duelist_1.GetTitledFirstName] vous fait face et [duelist_1.GetSheHe] remarque que vous lutter contre une blessure. [duelist_1.GetSheHeCap] vous regarde, à l'affût du moindre signe de faiblesse, mais vous vous tenez droit et semblez résolu, prêt à l'affronter. ;;;[duelist_1.GetTitledFirstName] se te enfrenta, y se da cuenta que estás herido. Busca algún signo de flaqueza, pero te mantienes con firmeza, listo para el encuentro.;;;;;;;;;x
EVTDESCDUEL2MAIMED;Your ears ring in the wake of several primary and secondary detonations. With blurry eyes, you watch the few remaining and wounded command personnel pick themselves up to fight fires and assess damages. At your feet is the body of a junior Weapons Officer, glassy eyes listlessly pointed at the ceiling. Someone tries to give you a damage assessment as a battered command security officer helps you to your seat, but the gravitass and meaning is lost in your current haze. The odds are looking grim, but not impossible if one dared.;Votre grave blessure vous gêne clairement alors que vous vous mettez en position pour affronter [duelist_1.GetTitledFirstName]. [duelist_1.GetSheHeCap] semble sûr de lui mais vous restez concentré, prêt à frapper à la moindre ouverture dans sa garde.;;;Tu grave lesión te dificulta enormemente el duelo contra [duelist_1.GetTitledFirstName]. Parece confiado debido a ello, pero te mantienes firme sin miramientos, listo para aprovechar cualquier brecha de su defensa.;;;;;;;;;x
EVTDESCDUEL2ILL;You are not in the best condition to command a vessel, a fact that [duelist_1.GetTitledFirstName] will likely delight in when contact occurs. You blearily order an intercept vector to meet [duelist_1.GetHerHim] regardless, ready to strike at any weakpoint in [duelist_1.GetHerHis] defenses.;Vous n'êtes pas dans les meilleures conditions pour vous battre, et [duelist_1.GetTitledFirstName] semble content de vous voir si mal en point. Vous vous mettez courageusement en position pour l'affronter, prêt à frapper à la moindre erreur de sa part.;;;No estás en las mejores condiciones para luchar, y [duelist_1.GetTitledFirstName] parece contento por tu enfermedad. Asumes con valor el duelo, listo para aprovechar cualquier brecha de su defensa.;;;;;;;;;x
EVTDESCDUEL2YOUNG;In the simulations, this was all so much easier. Even now, a Weapons Officer is asking for your order, and you can't shake this feeling that it's all so surreal to be here and in command of a vessel. Despite your inexperience, you are eager and able to strike [duelist_1.GetTitledFirstName] down. You're overwhelmed, letting the silence weigh heavy for several heartbeats too long. A panicky officer repeats his query, trying his best to modulate tone in the face of imminent combat. "Contact in range, what do we do sir?".;Votre arme semble si lourde à vos jeunes bras et votre armure semble peser le poids d'un dragon. Néanmoins vous vous tenez prêt à affronter [duelist_1.GetTitledFirstName]. Vous tournez autour de [duelist_1.GetHerHim], cherchant une opportunité de frapper.;;;Tu arma parece pesar demasiado en tus jóvenes manos, y tu armadura incómoda. A pesar de ello, te levantas y te enfrentas a [duelist_1.GetTitledFirstName] en combate, listo para aprovechar cualquier brecha de su defensa.;;;;;;;;;x
EVTDESCDUEL2WOUNDEDOPP;A smile spreads over your otherwise cold features as [duelist_1.GetTitledFirstName]'s aft munition storage fulminates with a ripple. With their current state, [duelist_1.GetSheHe] is likely finished. Despite the damages, some weapon systems on the enemy ship remain operable. In your gut, you know this isn't over.;Alors que vous faîtes face à [duelist_1.GetTitledFirstName], vous remarquez qu'[duelist_1.GetSheHe] lutte contre une blessure. Vous êtes à l'affût du moindre signe de faiblesse, mais [duelist_1.GetSheHe] se tient droit et semble résolu, prêt à vous affronter.;;;Cuando [duelist_1.GetTitledFirstName] se enfrenta a ti, te das cuenta que está herido. Buscas algún signo de flaqueza, pero se mantiene con firmeza, listo para el encuentro.;;;;;;;;;x
EVTDESCDUEL2MAIMEDOPP;[duelist_1.GetTitledFirstName]'s primary reactor only just avoided critical detonation as precise torpedo strikes cripple almost everything. Boarding teams are already en route, and your mind begins wandering to more important matters of state. There's nothing left here that is worth your incalculably valuable time. Live displays of your boarding team's vitals and chest-mounted cameras are fed to the bridge, coordinated by a Tactical Officer. Small arms fire flashes through the badly marred and foreign corridors of [duelist_1.GetTitledFirstName]'s flagship, and the clock begins ticking in your favor.;Vous vous mettez en position pour affronter [duelist_1.GetTitledFirstName]. Sa grave blessure semble clairement le(a) gêner et cela vous donne confiance en vous. Mais [duelist_1.GetSheHe] reste concentré, prêt à frapper à la moindre ouverture dans votre garde.;;;La grave lesión de [duelist_1.GetTitledFirstName] le dificulta enormemente el duelo contra ti. Ganas confianza por ello, pero se mantiene firme, listo para aprovechar cualquier brecha en tu defensa.;;;;;;;;;x
EVTDESCDUEL2ILLOPP;[duelist_1.GetTitledFirstName]'s flagship is moving sporadically according to LADAR, as if their orders are sluggish, delayed, or misunderstood. Whatever the case, they will make easy prey for your well armed and more alert vessel. Just like the simulations.;[duelist_1.GetTitledFirstName] n'est pas dans les meilleures conditions pour se battre, et vous êtes content de le voir si mal en point. [duelist_1.GetSheHeCap] se met courageusement en position pour vous affronter, prêt à frapper à la moindre erreur de votre part.;;;[duelist_1.GetTitledFirstName] no está en las mejores condiciones para luchar, y te alegras por su enfermedad. Asume con valor el duelo, listo para aprovechar cualquier brecha de tu defensa.;;;;;;;;;x
EVTDESCDUEL2YOUNGOPP;[duelist_1.GetTitledFirstName]'s flagship is making strange positioning, as if they've never moved in a combat action before. Like a low-level difficulty setting in a training sim, you muse. As you order an intercept vector, it occurs to you that this may be mercy for [duelist_1.GetHerHis].;Les jeunes mains de [duelist_1.GetTitledFirstName] semblent clairement avoir du mal à lever son arme et son armure semble peser le poids d'un dragon. Néanmoins [duelist_1.GetSheHe] se tient prêt àvous affronter. [duelist_1.GetSheHeCap] tourne autour de vous, cherchant une opportunité de frapper.;;;[duelist_1.GetTitledFirstName] parece tener problemas con su arma y su armadura.  A pesar de ello, se levanta y te enfrenta en combate, listo para aprovechar cualquier brecha de tu defensa.;;;;;;;;;x
EVTOPTADUEL2;One miscalculation is all [duelist_1.GetSheHe]'ll get...;[duelist_1.GetSheHeCap] n’aura droit qu’à une seule erreur... ;;;Un error es todo lo que necesita...;;;;;;;;;x
EVTOPTADUEL2TRIALBYCOMBAT;[Root.Religion.GetHighGodNameCap] will preserve me...;[Root.Religion.GetHighGodNameCap] me guidera(ont)...;;;[Root.Religion.GetHighGodName] me guiará...;;;;;;;;;x
EVTOPTADUEL2WOUNDED;Call a medic, STAT. I'm fine, get off me...;Cette blessure ne m'arrêtera pas…;;;Esta herida superficial no me detendrá...;;;;;;;;;x
EVTOPTADUEL2MAIMED;Just... Just keep firing...;Même avec cette blessure, mon frappe sera mortelle… ;;;Mi lesión no detendrá mi ataque...;;;;;;;;;x
EVTOPTADUEL2WOUNDEDOPP;Fire again into the breach we've created in [duelist_1.GetHerHis]'s hull...;Je vais frapper sa blessure… ;;;Apuntaré a su herida...;;;;;;;;;x
EVTOPTADUEL2YOUNGOPP;One miscalculation is all it'll take... [duelist_1.GetLadLass] is good at this...;Je ne peux perder face à ce(tte)...;;;No puedo perder contra este [duelist_1.GetLadLass]...;;;;;;;;;x
EVTOPTBDUEL2;[duelist_1.GetSheHeCap] is no match for our weapon systems...;[duelist_1.GetSheHeCap] ne vaut rien face à moi…;;;[duelist_1.GetSheHeCap] no es rival para mi…;;;;;;;;;x
EVTOPTBDUEL2TRIALBYCOMBAT;Our iron belief in [Root.Religion.GetHighGodNameCap] makes us impervious...;Ma foi en [Root.Religion.GetHighGodNameCap] me donne la force...;;;Mi fe en [Root.Religion.GetHighGodNameCap] me da fuerzas...;;;;;;;;;x
EVTOPTBDUEL2WOUNDED;Wasn't deck seven just custodial...?;Ce n'est pas un(e) petit(e) malingre qui va me faire peur...;;;No es más que un enclenque...;;;;;;;;;x
EVTOPTBDUEL2MAIMED;Damage report! All hands, this is your Captain speaking. Prepare to repel boarders...;Je suis plus fort que cette blessure! [duelist_1.GetTitledFirstName] va souffrir...;;;Soy más duro que esta lesión! [duelist_1.GetTitledFirstName] sufrirá...;;;;;;;;;x
EVTOPTBDUEL2WOUNDEDOPP;[duelist_1.GetHerHisCap]'s battle damage is severe. It won't take much now...;Sa blessure le(a) rend faible et pitoyable…;;;Su herida le hace parecer débil y patético...;;;;;;;;;x
EVTOPTBDUEL2YOUNGOPP;[duelist_1.GetTitledFirstName] is clearly inexperienced. This shall be mercy...;Ce microbe ne m'arrive pas à la cheville…;;;Este gusano no me llega ni a la altura de los zapatos…;;;;;;;;;x
EVTOPTCDUEL2;[duelist_1.GetSheHeCap] is likely shitting the command chair...;[duelist_1.GetSheHeCap] n'arrivera même pas à me toucher…;;;[duelist_1.GetSheHeCap] ni siquiera logrará tocarme…;;;;;;;;;x
EVTOPTCDUEL2TRIALBYCOMBAT;My will is as strong as [Root.Religion.GetHighGodNameCap]...;Ma volonté est forte et [Root.Religion.GetHighGodNameCap] me protège(nt)...;;;Mi voluntad es fuerte y [Root.Religion.GetHighGodNameCap] me protege...;;;;;;;;;x
EVTOPTCDUEL2WOUNDED;Sixty-three percent combat effectiveness decrease is more of a suggestion...;Même avec cette blessure, [duelist_1.GetSheHe] ne m'aura pas une nouvelle fois...;;;Incluso con esta herida, [duelist_1.GetSheHe] no llegará otra vez...;;;;;;;;;x
EVTOPTCDUEL2MAIMED;When did this girder get here...?;Ma blessure ne va pas stopper ma frappe…;;;Mi lesión no detendrá mi ataque...;;;;;;;;;x
EVTOPTCDUEL2WOUNDEDOPP;[duelist_1.GetTitledFirstName] lost all engine actuation. It's over...;Avec sa blessure, [duelist_1.GetSheHe] ne vaut rien face à moi...;;;Con su herida, [duelist_1.GetSheHe] no es rival para mi…;;;;;;;;;x
EVTOPTCDUEL2YOUNGOPP;Is [duelist_1.GetTitledFirstName] even old enough to fly...?;Ce(tte) [duelist_1.GetLadLass] va à peine m'égratigner...;;;Este [duelist_1.GetLadLass] no me hará ni un rasguño...;;;;;;;;;x
TOOLTIPduel_tactic_speed;You order a rapid approach\n;Vous attaquez avec vélocité\n;;;;;;;;;;;;x
TOOLTIPduel_tactic_force;You order a vicious approach\n;Vous attaquez en force\n;;;;;;;;;;;;x
TOOLTIPduel_tactic_defense;You order a reserved approach\n;You prenez une posture défensive\n;;;;;;;;;;;;x
EVTDESCDUEL3;Your flagship approaches [duelist_2.GetTitledFirstName]'s slowly, standing at general quarters. You order torpedos readied, to be fired at optimal range. [duelist_2.GetTitledFirstName] brings their PDCs online, preparing to defend themselves.;Vous et [duelist_2.GetTitledFirstName] vous tournez lentement autour, tendus et concentrés, guettant chez l’autre le moindre signe de faiblesse, la moindre ouverture dans sa défense. ;;;Tú y [duelist_2.GetTitledFirstName] os posicionáis frente a frente, la tensión se palpa en el ambiente. Lo observas buscando signos de flaqueza para descubrir alguna brecha en su defensa y dirigir el golpe.;;;;;;;;;x
EVTDESCDUEL3BATTLE;In the midst of the battle your flagship approaches [duelist_2.GetTitledFirstName]'s slowly, preparing to fire at optimal range. Encrypted chatter from nearby warships become a backdrop as the bridge goes silent, in anticipation of your order to fire.;Au milieu de la bataille, vous et [duelist_2.GetTitledFirstName] vous tournez autour, tendus, concentrés. L'univers furieux et sanglant autour de vous semble ralentir alors que vous êtes à l'affût du moindre signe de faiblesse, de la moindre ouverture dans sa défense que vous pourriez exploiter.;;;En mitad del combate tú y [duelist_2.GetTitledFirstName] os posicionáis frente a frente, la tensión se palpa en el ambiente. El tiempo parece ir cada vez más despacio mientras buscas algún signo de flaqueza para descubrir alguna brecha que pueda darte ventaja.;;;;;;;;;x
EVTDESCDUEL3TRIALBYCOMBAT;Cold and indifferent orbital nav buoys look on as as your flagship approaches [duelist_2.GetTitledFirstName]'s own. LADAR scans the surrounding area to discover enemy reinforcements, confirming none. [duelist_1.GetHerHim] won't live the hour.;Les membres de la cour vous observent en silence alors que vous faîtes face à [duelist_2.GetTitledFirstName] dans ce duel judiciaire. Vous êtes à l'affût du moindre signe de faiblesse, de la moindre ouverture dans sa défense que vous pourriez exploiter.;;;La corte está muy tensa cuando tú y [FromFrom.GetTitledFirstName] os enfrentáis en el duelo. Lo observas buscando signos de flaqueza para descubrir alguna brecha en su defensa y dirigir el golpe.;;;;;;;;;x
EVTDESCDUEL3WOUNDED;Klaxons blare as battle lighting kicks in, repair teams dispatched to various decks in the wake of a precision railgun strike. Blood begins floating from your chest after a gravgen malfunction, and somewhere along the line you had hit your head too. [duelist_2.GetTitledFirstName] is a competent or lucky commander, but the day is not out yet. Your flagship is operable, and you still have options.;[duelist_2.GetTitledFirstName] vous fait face et [duelist_2.GetSheHe] remarque que vous lutter contre une blessure. [duelist_2.GetSheHeCap] vous regarde, à l'affût du moindre signe de faiblesse, mais vous vous tenez droit et semblez résolu, prêt à l'affronter. ;;;[duelist_2.GetTitledFirstName] se te enfrenta, y se da cuenta que estás herido. Busca algún signo de flaqueza, pero te mantienes con firmeza, listo para el encuentro.;;;;;;;;;x
EVTDESCDUEL3MAIMED;Your ears ring in the wake of several primary and secondary detonations. With blurry eyes, you watch the few remaining and wounded command personnel pick themselves up to fight fires and assess damages. At your feet is the body of a junior Weapons Officer, glassy eyes listlessly pointed at the ceiling. Someone tries to give you a damage assessment as a battered command security officer helps you to your seat, but the gravitass and meaning is lost in your current haze. The odds are looking grim, but not impossible if one dared.;Votre grave blessure vous gêne clairement alors que vous vous mettez en position pour affronter [duelist_2.GetTitledFirstName]. [duelist_2.GetSheHeCap] semble sûr de lui mais vous restez concentré, prêt à frapper à la moindre ouverture dans sa garde.;;;Tu grave lesión te dificulta enormemente el duelo contra [duelist_2.GetTitledFirstName]. Parece confiado debido a ello, pero te mantienes firme sin miramientos, listo para aprovechar cualquier brecha de su defensa.;;;;;;;;;x
EVTDESCDUEL3ILL;You are not in the best condition to command a vessel, a fact that [duelist_2.GetTitledFirstName] will likely delight in when contact occurs. You blearily order an intercept vector to meet [duelist_2.GetHerHim] regardless, ready to strike at any weakpoint in [duelist_2.GetHerHis] defenses.;Vous n'êtes pas dans les meilleures conditions pour vous battre, et [duelist_2.GetTitledFirstName] semble content de vous voir si mal en point. Vous vous mettez courageusement en position pour l'affronter, prêt à frapper à la moindre erreur de sa part.;;;No estás en las mejores condiciones para luchar, y [duelist_2.GetTitledFirstName] parece contento por tu enfermedad. Asumes con valor el duelo, listo para aprovechar cualquier brecha de su defensa.;;;;;;;;;x
EVTDESCDUEL3YOUNG;In the simulations, this was all so much easier. Even now, a Weapons Officer is asking for your order, and you can't shake this feeling that it's all so surreal to be here and in command of a vessel. Despite your inexperience, you are eager and able to strike [duelist_2.GetTitledFirstName] down. You're overwhelmed, letting the silence weigh heavy for several heartbeats too long. A panicky officer repeats his query, trying his best to modulate tone in the face of imminent combat. "Contact in range, what do we do sir?".;Votre arme semble si lourde à vos jeunes bras et votre armure semble peser le poids d'un dragon. Néanmoins vous vous tenez prêt à affronter [duelist_2.GetTitledFirstName]. Vous tournez autour de [duelist_2.GetHerHim], cherchant une opportunité de frapper.;;;Tu arma parece pesar demasiado en tus jóvenes manos, y tu armadura incómoda. A pesar de ello, te levantas y te enfrentas a [duelist_1.GetTitledFirstName] en combate, listo para aprovechar cualquier brecha de su defensa.;;;;;;;;;x
EVTDESCDUEL3WOUNDEDOPP;A smile spreads over your otherwise cold features as [duelist_2.GetTitledFirstName]'s aft munition storage fulminates with a ripple. With their current state, [duelist_2.GetSheHe] is likely finished. Despite the damages, some weapon systems on the enemy ship remain operable. In your gut, you know this isn't over.;Alors que vous faîtes face à [duelist_2.GetTitledFirstName], vous remarquez qu'[duelist_2.GetSheHe] lutte contre une blessure. Vous êtes à l'affût du moindre signe de faiblesse, mais [duelist_2.GetSheHe] se tient droit et semble résolu, prêt à vous affronter.;;;Cuando [duelist_2.GetTitledFirstName] se enfrenta a ti, te das cuenta que está herido. Buscas algún signo de flaqueza, pero se mantiene con firmeza, listo para el encuentro.;;;;;;;;;x
EVTDESCDUEL3MAIMEDOPP;[duelist_2.GetTitledFirstName]'s primary reactor only just avoided critical detonation as precise torpedo strikes cripple almost everything. Boarding teams are already en route, and your mind begins wandering to more important matters of state. There's nothing left here that is worth your incalculably valuable time. Live displays of your boarding team's vitals and chest-mounted cameras are fed to the bridge, coordinated by a Tactical Officer. Small arms fire flashes through the badly marred and foreign corridors of [duelist_2.GetTitledFirstName]'s flagship, and the clock begins ticking in your favor.;Vous vous mettez en position pour affronter [duelist_2.GetTitledFirstName]. Sa grave blessure semble clairement le(a) gêner et cela vous donne confiance en vous. Mais [duelist_2.GetSheHe] reste concentré, prêt à frapper à la moindre ouverture dans votre garde.;;;La grave lesión de [duelist_2.GetTitledFirstName] le dificulta enormemente el duelo contra ti. Ganas confianza por ello, pero se mantiene firme, listo para aprovechar cualquier brecha en tu defensa.;;;;;;;;;x
EVTDESCDUEL3ILLOPP;[duelist_2.GetTitledFirstName]'s flagship is moving sporadically according to LADAR, as if their orders are sluggish, delayed, or misunderstood. Whatever the case, they will make easy prey for your well armed and more alert vessel. Just like the simulations.;[duelist_2.GetTitledFirstName] n'est pas dans les meilleures conditions pour se battre, et vous êtes content de le voir si mal en point. [duelist_2.GetSheHeCap] se met courageusement en position pour vous affronter, prêt à frapper à la moindre erreur de votre part.;;;[duelist_2.GetTitledFirstName] no está en las mejores condiciones para luchar, y te alegras por su enfermedad. Asume con valor el duelo, listo para aprovechar cualquier brecha de tu defensa.;;;;;;;;;x
EVTDESCDUEL3YOUNGOPP;[duelist_2.GetTitledFirstName]'s flagship is making strange positioning, as if they've never moved in a combat action before. Like a low-level difficulty setting in a training sim, you muse. As you order an intercept vector, it occurs to you that this may be mercy for [duelist_2.GetHerHis].;Les jeunes mains de [duelist_2.GetTitledFirstName] semblent clairement avoir du mal à lever son arme et son armure semble peser le poids d'un dragon. Néanmoins [duelist_2.GetSheHe] se tient prêt àvous affronter. [duelist_2.GetSheHeCap] tourne autour de vous, cherchant une opportunité de frapper.;;;[duelist_2.GetTitledFirstName] parece tener problemas con su arma y su armadura.  A pesar de ello, se levanta y te enfrenta en combate, listo para aprovechar cualquier brecha de tu defensa.;;;;;;;;;x
EVTOPTADUEL3;One miscalculation is all [duelist_2.GetSheHe]'ll get...;[duelist_2.GetSheHeCap] n’aura droit qu’à une seule erreur... ;;;Un error es todo lo que [duelist_2.GetSheHe] necesita...;;;;;;;;;x
EVTOPTADUEL3TRIALBYCOMBAT;[Root.Religion.GetHighGodNameCap] will preserve me...;[Root.Religion.GetHighGodNameCap] me guidera(ont)...;;;[Root.Religion.GetHighGodNameCap] me guiará...;;;;;;;;;x
EVTOPTADUEL3WOUNDED;Call a medic, STAT. I'm fine, get off me...;Cette blessure ne m'arrêtera pas…;;;Esta herida superficial no me detendrá...;;;;;;;;;x
EVTOPTADUEL3MAIMED;Just... Just keep firing...;Même avec cette blessure, mon frappe sera mortelle… ;;;Mi lesión no detendrá mi ataque...;;;;;;;;;x
EVTOPTADUEL3WOUNDEDOPP;Fire again into the breach we've created in [duelist_2.GetHerHis]'s hull...;Je vais frapper sa blessure… ;;;Apuntaré a su herida...;;;;;;;;;x
EVTOPTADUEL3YOUNGOPP;[duelist_2.GetTitledFirstName] is clearly inexperienced. This shall be mercy...;Ce microbe ne m'arrive pas à la cheville…;;;Este gusano no me llega ni a la altura de los zapatos…;;;;;;;;;x
EVTOPTBDUEL3;[duelist_1.GetSheHeCap] is no match for our weapon systems...;[duelist_2.GetSheHeCap] ne vaut rien face à moi…;;;No es rival para mí...;;;;;;;;;x
EVTOPTBDUEL3TRIALBYCOMBAT;[Root.Religion.GetHighGodNameCap] will preserve me...;Ma foi en [Root.Religion.GetHighGodNameCap] me donne la force...;;;Mi fe en [Root.Religion.GetHighGodNameCap] me da fuerzas...;;;;;;;;;x
EVTOPTBDUEL3WOUNDED;No puny scratch will stop my might...;Ce n'est pas un(e) petit(e) malingre qui va me faire peur...;;;No es más que un enclenque...;;;;;;;;;x
EVTOPTBDUEL3MAIMED;Forget the medic, where's my gun? Don't let the boarding teams proceed any further...;Je suis plus fort que cette blessure! [duelist_2.GetTitledFirstName] va souffrir...;;;Soy más duro que esta lesión! [duelist_1.GetTitledFirstName] sufrirá...;;;;;;;;;x
EVTOPTBDUEL3WOUNDEDOPP;[duelist_1.GetHerHisCap] is badly damaged. The day is ours...;Sa blessure le(a) rend faible et pitoyable…;;;Su herida le hace parecer débil y patético...;;;;;;;;;x
EVTOPTBDUEL3YOUNGOPP;[duelist_2.GetTitledFirstName] is inexperienced. This shall be a mercy...;Ce microbe ne m'arrive pas à la cheville…;;;Este gusano no me llega ni a la altura de los zapatos…;;;;;;;;;x
EVTOPTCDUEL3;Just another naval action. Fire!;[duelist_2.GetSheHeCap] n'arrivera même pas à me toucher…;;;[duelist_1.GetSheHeCap] ni siquiera logrará tocarme…;;;;;;;;;x
EVTOPTCDUEL3TRIALBYCOMBAT;Transfer fire control to my station...;Ma volonté est forte et [Root.Religion.GetHighGodNameCap] me protège(nt)...;;;Mi voluntad es fuerte y [Root.Religion.GetHighGodNameCap] me protege...;;;;;;;;;x
EVTOPTCDUEL3WOUNDED;Get me a sitrep or you'll share deck three's fate!;Même avec cette blessure, [duelist_2.GetSheHe] ne m'aura pas une nouvelle fois...;;;Incluso con esta herida, [duelist_1.GetSheHe] no llegará otra vez...;;;;;;;;;x
EVTOPTCDUEL3MAIMED;Everything... is blurry...;Ma blessure ne va pas stopper ma frappe…;;;Mi lesión no detendrá mi ataque...;;;;;;;;;x
EVTOPTCDUEL3WOUNDEDOPP;[duelist_1.GetHerHis] has lost weapon actuation. Let's get this over with...;Avec sa blessure, [duelist_2.GetSheHe] ne vaut rien face à moi...;;;Con su herida, no tiene nada que hacer contra mí...;;;;;;;;;x
EVTOPTCDUEL3YOUNGOPP;Is this a joke? [duelist_1.GetLadLass] isn't even old enough to drive...;Ce(tte) [duelist_2.GetLadLass] va à peine m'égratigner...;;;Este [duelist_1.GetLadLass] apenas me rozará...;;;;;;;;;x
EVTDESCDUEL5;[duel_round_loser.GetTitledFirstName]'s PDCs are running out of ammunition, and their engine housing is badly damaged. In most fights, that would be game. Now is your chance to finish it.;Vous apercevez un point faible, une vulnérabilité dans la garde de [duel_round_loser.GetTitledFirstName]. Ce n'est pas grand-chose, mais c'est tout ce dont vous avez besoin.;;;Ves una debilidad en la defensa de [duel_round_loser.GetTitledFirstName], una vulnerabilidad, no es mucho, pero es todo lo que necesitas.;;;;;;;;;x
EVTDESCDUEL5SKILL;Your experience in naval actions and combined with a veteran crew of multiple battles decides [duel_round_loser.GetTitledFirstName]'s fate. Every enemy maneuver is outmatched, every salvo narrowly off course.;Votre expérience de combat vous permet de repérer une ouverture dans la garde de [duel_round_loser.GetTitledFirstName]. Ce n'est pas grand-chose, mais c'est tout ce dont vous avez besoin.;;;Tu experiencia en combate te permite divisar una brecha en la defensa de [duel_round_loser.GetTitledFirstName]. No es mucho, pero es todo lo que necesitas.;;;;;;;;;x
EVTDESCDUEL5SWORD;You parry [duel_round_loser.GetTitledFirstName] away with the pommel of you sword, allowing you to bring down [Root.GetValyrianSwordOwned] on an opening in [duel_round_loser.GetHerHis] defense.;Vous parez [duel_round_loser.GetTitledFirstName] avec le pommeau de votre épée ce qui vous permet de profiter d'une ouverture dans sa défense et d'abattre [Root.GetValyrianSwordOwned].;;;;;;;;;;;;x
EVTDESCDUEL5STRONG;[duel_round_loser.GetTitledFirstName] receives your marines poorly. Small arms fire flashes in damaged corridors as panicked and inexperienced security teams are overwhelmed by superior tactics.;[duel_round_loser.GetTitledFirstName] est complètement destabilisé par votre immense force lorsque vous le(a) chargez avec violence. [duel_round_loser.GetSheHeCap] chancelle ce qui vous donne une ouverture.;;;[duel_round_loser.GetTitledFirstName] está abrumado por la inmensa potencia de tu carga corporal. Titubea un instante ofreciéndote una brecha.;;;;;;;;;x
EVTDESCDUEL5QUICK;[duel_round_loser.GetTitledFirstName]'s onboard tactical systems were simply not expecting your break-neck or borderline suicidal speed. Torpedos are fired too early, railguns anticipate too late, and before they're aware of the situation's gravity, every single bay at your disposal is primed to hit their engines. .;Pour vous le duel semble lent, votre esprit parvient sans effort à anticiper les mouvements de [duel_round_loser.GetTitledFirstName]. Après une habile parade vous remarquez une opportunité de frapper.;;;El duelo sigue su curso, tu mente trabaja a toda prisa anticipando los movimientos de [duel_round_loser.GetTitledFirstName]. Tras un diestro bloqueo, observas una oportunidad para atacar.;;;;;;;;;x
EVTDESCDUEL5WROTH;The blackbox catalogued just how surprised [duel_round_loser.GetTitledFirstName]'s command crew was, when you 'wasted' six torpedos. Their detonations acted as a screen, out of which you emerged whilst firing railguns. Even now, your aggression brings on a pleasant smile.;Vous lancez une attaque furieuse et frénétique contre [duel_round_loser.GetTitledFirstName], et [duel_round_loser.GetSheHe] se retrouve rapidement sur la défensive. [duel_round_loser.GetSheHeCap] semble paniqué par cette situation et vous laisse une opportunité.;;;Lanzas un ataque frenético contra [duel_round_loser.GetTitledFirstName], y consigues hacer que recule y de un paso atrás. El pánico aparece en su rostro durante un instante, dándote una oportunidad para atacar.;;;;;;;;;x
EVTDESCDUEL5PATIENT;You allow [duel_round_loser.GetTitledFirstName] to take the initiative, patiently holding your ground til [duel_round_loser.GetHerHis] fired at mid range. [duel_round_loser.GetHerHis] had become careless, ignoring the fine asteroid field they entered to reach you. And now, it was simply too late to fall back.;Vous laissez [duel_round_loser.GetTitledFirstName] prendre l'initiative, attendant patiemment tout en parant ses coups. Vous attendez jusqu'à ce qu'[duel_round_loser.GetSheHe] montre les premiers signes de fatigue et vous laisse une ouverture.;;;Permites a [duel_round_loser.GetTitledFirstName] tomar la iniciativa, pacientemente mantienes tu terreno mientras bloqueas sus ataques. Esperas hasta que parece cansado, dejando al descubierto una brecha en su defensa.;;;;;;;;;x
EVTDESCDUEL5DECEITFUL;[duel_round_loser.GetTitledFirstName] approaches you on a typical intercept vector. It's too bad [duel_round_loser.GetHerHis] scanners didn't pick up two destroyers on the dark side of a moon, powering up and moving to engage on your behalf.;[duel_round_loser.GetTitledFirstName] est venu vous affronter de manière honorable, mais vous utilisez tous les coups les plus tordus pour prendre l'avantage. Vous vous esquivez et donnez des coups de pieds aux endroits les plus sensibles jusqu'au moment où vous repérez une opportunité de frapper.;;;[duel_round_loser.GetTitledFirstName] pelea contra ti honorablemente, pero tu utilizas artimañas para tomar ventaja. Intentas pícaras patadas y zancadillas, hasta que ves una oportunidad para atacar.;;;;;;;;;x
EVTDESCDUEL5TALL;You use great range with your sword to great effect, [duel_round_loser.GetTitledFirstName] cannot get close enough to strike. Eventually you see a weak spot, and bring your weapon down from great height upon [duel_round_loser.GetHerHim]. ;Vous utilisez de manirèe efficace votre formidable allonge, [duel_round_loser.GetTitledFirstName] ne parvient pas s'approcher suffisament pour frapper. Vous finissez par repérez une faiblesse ce qui vous permet d'abattre votre grande arme sur votre adversaire.;;;Utilizas el gran alcance de tu espada con gran efectividad, [duel_round_loser.GetTitledFirstName] no logra acercarse lo suficiente para atacar. Finalmente, detectas un punto débil y deslizas tu arma hacia bajo desde gran altura con todas tus fuerzas...;;;;;;;;;x
EVTDESCDUEL5RHLLOR;As you are locked in combat with [duel_round_loser.GetTitledFirstName] you feel as though the Lord of Light is guiding your every move. [duel_round_loser.GetSheHeCap] cant seem to get close, and eventually you spot a weaknes in [duel_round_loser.GetHerHis] defense.;Alors que vous êtes en plein combat contre [duel_round_loser.GetTitledFirstName] vous sentez que le Maître de la Lumière vous guide dans chacun de vos mouvements. [duel_round_loser.GetSheHeCap] ne semble pas pouvoir vous suivre et vous finissez par repérer une faiblesse dans sa défense.;;;Cuando te quedas bloqueado luchando con [duel_round_loser.GetTitledFirstName] notas como el Señor de la Luz te guía en cada movimiento. Lo notas muy cerca, y de repente observas una brecha en sus defensas.;;;;;;;;;x
EVTOPTADUEL5;Fire!;Frapper!;;;Ataca!;;;;;;;;;x
EVTOPTADUEL5A;We initiated a rapid deceleration to avoid [duel_round_loser.GetHerHis] rapid assault!;J’ai rapidement évité ses attaques frénétiques!;;;;;;;;;;;;x
EVTOPTADUEL5B;A mobile and dynamic offensive put us well within [duel_round_loser.GetHerHis] defensive range!;J’ai réussi à forcer sa défense !;;;;;;;;;;;;x
EVTOPTADUEL5C;Our PDCs shot down [duel_round_loser.GetHerHis] torpedo strikes!;J’ai pu éviter ses coups rapides!;;;;;;;;;;;;x
EVTTOOLTIPDUEL6;[This.GetHerHim] initiates a battle plan!;essaye de se défendre;;;Intenta defenderse;;;;;;;;;x
EVTDESCDUEL6;As you and [duel_round_winner.GetTitledFirstName] engage, several key PDCs run dry on ammunition. [duel_round_winner.GetHerHim] keenly fires torpedos in an attempt to take advantage.;Alors que vous engagez le combat avec [duel_round_winner.GetTitledFirstName], vous glissez et donnez une ouverture à votre adversaire. [duel_round_winner.GetTitledFirstName] frappe pour prendre l'avantage.;;;Mientras  [duel_round_winner.GetTitledFirstName] ataca, tu resbalas y le brindas una brecha en tu defensa. [duel_round_winner.GetTitledFirstName] ataca intentando aprovechar la situación.;;;;;;;;;x
EVTDESCDUEL6SKILL;As you and [duel_round_winner.GetTitledFirstName] engage, you slip up. Every shot narrowly glances, every position outmatched several seconds in advance. Maybe you're out of your league...;Alors que vous engagez le combat avec [duel_round_winner.GetTitledFirstName], vous glissez et donnez une ouverture à votre adversaire. Un guerrier talentueux comme [duel_round_winner.GetTitledFirstName] n'a pas besoin d'invitation pour frapper. ;;;Mientras [[duel_round_winner.GetTitledFirstName] ataca, tu resbalas y le brindas una brecha en tu defensa. Un guerrero experto como [duel_round_winner.GetTitledFirstName] no necesita invitación para atacar.;;;;;;;;;x
EVTDESCDUEL6SWORD;[duel_round_winner.GetTitledFirstName] parries away one of your blows with the pommel of [duel_round_winner.GetHerHis] sword, allowing [duel_round_winner.GetHerHim] to bring down [duel_round_winner.GetValyrianSwordHerHis] on an opening in your defense.;[duel_round_winner.GetTitledFirstName] pare l'un de vos coups avec le pommeau de son épée ce qui lui permet de profiter d'une ouverture dans votre défense et d'abattre [duel_round_winner.GetValyrianSwordHerHis].;;;;;;;;;;;;x
EVTDESCDUEL6STRONG;You are overwhelmed by [duel_round_winner.GetTitledFirstName]'s disciplined marine teams. A short battle unfolds on the lower decks, where you watch helplessly as near every soldier under your command is cut down by small arms. Before you know it, arc welders are at your command deck blast doors and the few remaining soldiers are lined up in front of you, bracing for the worst.;Vous êtes complètement destabilisé par l'immense force de [duel_round_winner.GetTitledFirstName] lorsqu'[duel_round_winner.GetSheHe] vous charge avec violence. Vous chancellez, donnant ainsi une ouverture à votre adversaire.;;;Quedas abrumado por la inmensa potencia de la carga de [duel_round_winner.GetTitledFirstName]. Titubeas un instante ofreciéndole una brecha.;;;;;;;;;x
EVTDESCDUEL6QUICK;[duel_round_winner.GetTitledFirstName] moves seconds before onboard computers can anticipate [duel_round_winner.GetHerHim], always too far ahead or suddenly arresting speed. [duel_round_winner.GetSheHeCap] disappears from LADAR scopes for a brief second, before seeming to materialize behind your vessel. Shit.;[duel_round_winner.GetTitledFirstName] semble anticiper chacun de vos mouvement. [duel_round_winner.GetSheHeCap] pare chacun de vos coups jusqu'à ce qu'[duel_round_winner.GetSheHe] repére une ouverture et contre-attaque rapidement.;;;[duel_round_winner.GetTitledFirstName] parece anticiparse a cada movimiento, esquivando diestramente todos los ataques. De repente, ve una brecha en tus defensas y procede a atacar.;;;;;;;;;x
EVTDESCDUEL6WROTH;"Enemy torpedos destroyed, moving to-" A Weapons Officer is cut short as several explosions rock your flagship. [duel_round_winner.GetTitledFirstName] launches a barrage of torpedos, far more than previously calculated. Some had hidden their EM signatures by flying dangerously close to each other... perhaps an unlucky coincidence?;Sans vous avoir laissé le temps de trouver une ouverture, [duel_round_winner.GetTitledFirstName] lance une attaque furieuse, frénétique! Vous paniquez et vous retrouvez sur la défensive.;;;Antes de que puedas atacar, [duel_round_winner.GetTitledFirstName] lanza un fiero y frenético ataque. Entras en pánico y te pones a la defensiva.;;;;;;;;;x
EVTDESCDUEL6PATIENT;[duel_round_winner.GetTitledFirstName] allows you to take the initiative, patiently holding [duel_round_winner.GetHerHis] ground til you fire. The first torpedo is out of the tube when you realize that [duel_round_winner.GetSheHe] had baited you into a fine, near-invisible cloud of space dust. Any emergency maneuvers here will prove disastrous, and scanners are impaired!;[duel_round_winner.GetTitledFirstName] vous laisse prendre l'initiative, attendant patiemment tout en parant vos coups. Vous commencez à fatiguer, et c'est à ce moment que vous laissez passer une ouverture.;;;[duel_round_winner.GetTitledFirstName] te permite tomar la iniciativa, manteniendo pacientemente su terreno mientras bloquea tus golpes. Te vas cansando poco a poco, dejando una brecha en tu defensa...que es cuando él te ataca.;;;;;;;;;x
EVTDESCDUEL6DECEITFUL;You move toward [duel_round_winner.GetTitledFirstName] in a typical attack vector, as it's all very straightforward. Alarms begin blaring, and you demand a sitrep. "Sir, two additional destroyers have just registered on LADAR! Closing fast!";Vous êtes venu affronter honorablement [duel_round_winner.GetTitledFirstName], mais ce dernier utilise tous les coups les plus tordus pour prendre l'avantage. [duel_round_winner.GetSheHeCap] s'esquive lâchement et donne des coups de pieds aux endroits les plus sensibles jusqu'au moment où [duel_round_winner.GetSheHe] repére une opportunité de frapper.;;;Luchas contra [duel_round_winner.GetTitledFirstName] honorablemente, pero él utiliza artimañas para tomar ventaja. Intenta pícaras patadas y zancadillas, hasta que ve una oportunidad para atacar.;;;;;;;;;x
EVTDESCDUEL6TALL; [duel_round_winner.GetTitledFirstName] uses [duel_round_winner.GetHerHis] great range with [duel_round_winner.GetHerHis] sword to good effect, you cannot get close enough to strike. Eventually [duel_round_winner.GetSheHe] sees a weak spot, and brings [duel_round_winner.GetHerHis] weapon down duel_round_winner great height upon you. ;[duel_round_winner.GetTitledFirstName] utilise de manirèe efficace sa formidable allonge, vous ne parvenez pas à vous approcher suffisament pour frapper. [duel_round_winner.GetSheHeCap] finit par repérer une faiblesse ce qui lui permet d'abattre sa grande arme sur vous.;;;[duel_round_winner.GetTitledFirstName] utiliza el gran alcance de su espada con gran efectividad, no logras acercarte lo suficiente para atacar. Finalmente, detecta un punto débil, y desliza su arma desde gran altura con todas sus fuerzas...;;;;;;;;;x
EVTDESCDUEL6RHLLOR;As you are locked in combat with [duel_round_winner.GetTitledFirstName] you feel as though [Root.Religion.GetHighGodName] themself are defending [duel_round_winner.GetHerHim]. You cannot get close, [duel_round_winner.GetSheHe] blocks your every move until [duel_round_winner.GetSheHe] strikes through your defense.;Alors que vous êtes en plein combat contre [duel_round_winner.GetTitledFirstName] vous avez l'impression que [Root.Religion.GetHighGodName] lui-même prend sa défense. Vous n'arrivez pas à le suivre et [duel_round_winner.GetSheHe] pare chacun de vos coups avant de finir par repérer une faiblesse dans votre défense.;;;Cuando te quedas bloqueado luchando con [duel_round_winner.GetTitledFirstName] notas como [Root.Religion.GetHighGodName] le defiende. Bloquea todos tus movimientos hasta que logra atacarte a través de tus defensas.;;;;;;;;;x
EVTOPTADUEL6;Point Defense Cannons online!;Vous défendre!;;;Defiéndete!;;;;;;;;;x
EVTOPTADUEL6A;[duel_round_winner.GetSheHeCap] managed to cripple our marine boarding teams!;[duel_round_winner.GetSheHeCap] a rapidement contré mes attaques frénétiques!;;;¡Defiendete!;;;;;;;;;x
EVTOPTADUEL6B;[duel_round_winner.GetSheHeCap] fired an unexpected salvo!;[duel_round_winner.GetSheHeCap] est allé au-delà de ma posture défensive!;;;¡Defiendete!;;;;;;;;;x
EVTOPTADUEL6C;[duel_round_winner.GetSheHeCap] defensively evaded our lightning assault! Prepare to come about!;[duel_round_winner.GetSheHeCap] a évité mes attaques rapides!;;;¡Defiendete!;;;;;;;;;x
EVTDESCDUEL105;You easily cripple [duel_round_loser.GetTitledFirstName]'s engine and knock out most systems. [duel_round_loser.GetHeShe] is at your mercy, and strike teams are prepared to board.;Vous brisez facilement la garde de [duel_round_loser.GetTitledFirstName] et le mettez à terre. [duel_round_loser.GetSheHeCap] est à vos pieds, complètement à votre merci.;;;Rompes fácilmente la guardia de [duel_round_loser.GetTitledFirstName] que cae al suelo, Está a tus pies y completamente a tu merced.;;;;;;;;;x
EVTOPTADUEL105;It's all over now!;Tout est fini maintenant!;;;Todo ha terminado!;;;;;;;;;x
EVTTOOLTIPDUEL106;reacts;réagit;;;reacciona;;;;;;;;;x
EVTDESCDUEL106;[duel_round_winner.GetTitledFirstName] overwhelms most of your security teams, and the remnants of your detail take up position by the bridge doors. Soon they will be breached, and [duel_round_winner.GetHerHim]'s marines will deliver the finishing blow...;[duel_round_winner.GetTitledFirstName] déborde votre défense et, d'un coup puissant, vous projette à terre. Vous levez les yeux vers lui. Sa silhouette imposante se dresse au-dessus de vous, prête à vous donner le coup de grâce…;;;[duel_round_winner.GetTitledFirstName] con un poderoso golpe aplasta tu defensa, caes al suelo inmediatamente. Miras hacias arriba y lo ves a él, listo para dar el golpe final.;;;;;;;;;x
EVTOPTADUEL106;Issue surrender on all frequencies.;Je me rends! Je me rends!;;;Me rindo! Me rindo!;;;;;;;;;x
EVTOPTBDUEL106;I can't die here!;Je n'ai pas encore dit mon dernier mot!;;;Esto no ha terminado todavía!;;;;;;;;;x
EVTOPTCDUEL106;Lock and load.;Ce qui est mort ne saurait mourir!;;;Lo que está muerto no puede morir!;;;;;;;;;x
EVTOPTDDUEL106;Unbowed! Unbent! UNBROKEN!;Insoumis! Invaincus! INTACTS!;;;Nunca Doblegado, Nunca Roto;;;;;;;;;x
EVTTOOLTIPDUEL107;considers your yield;tient compte de votre réddition;;;considera tu rendición;;;;;;;;;x
EVTDESCDUEL107;[duel_round_loser.GetTitledFirstName] drops [duel_round_loser.GetHerHis] weapon and throws up [duel_round_loser.GetHerHis] hands. 'That's enough. I surrender, but only to you.';[duel_round_loser.GetTitledFirstName] lâche son arme et lève ses mains. 'Je me rends! Je me rends!';;;[duel_round_loser.GetTitledFirstName] deja caer su arma y levanta las manos, ¡Me rindo! ¡Me rindo!;;;;;;;;;x
EVTOPTADUEL107;I accept. Back on your feet...;J'accepte. Relève-toi…;;;Acepto, que la vergüenza te siga hasta el lecho de muerte.;;;;;;;;;x
EVTOPTBDUEL107;Die a coward, then!;Non.;;;No.;;;;;;;;;x
EVTOPTCDUEL107;There's a debt to be settled..;Un Lannister paye toujours ses dettes.;;;Un Lannister siempre paga sus deudas.;;;;;;;;;x
EVTOPTBDUEL107B;No you [GetRootFromInsult]!;Sale [GetRootFromInsult]!;;;Tu no [GetRootFromInsult]!;;;;;;;;;x
EVTTOOLTIPDUEL108;is defeated.;est défait.;;;es derrotado.;;;;;;;;;x
EVTDESCDUEL108;[duel_round_winner.GetFirstName] lowers the point of [duel_round_winner.GetHerHis] weapon and extends a hand. 'I accept,' [duel_round_winner.GetSheHe] says, 'back on your feet.';[duel_round_winner.GetFirstName] abaisse son arme et tend sa main. 'J'accepte,' dit-[duel_round_winner.GetSheHe], 'relève-toi'.;;;[duel_round_winner.GetFirstName] envaina su espada y extiende su mano. 'Acepto, dijo, 'ponte en pie.';;;;;;;;;x
EVTOPTADUEL108;Gracious.;Votre bataille, remportée honorablement.;;;Combate ganado honorablemente.;;;;;;;;;x
EVTTOOLTIPDUEL109;[duel_round_loser.GetTitledFirstName] is slain!\n;est tué!;;;[duel_round_loser.GetTitledFirstName] está muerto!\n;;;;;;;;;x
EVTDESCDUEL109;[duel_round_winner.GetFirstName] looks down at you without a hint of emotion on [duel_round_winner.GetHerHis] face.\n'No.'\nAll goes dark....;[duel_round_winner.GetFirstName] vous regarde de haut sans la moindre émotion sur son visage.\n'Non.'\nTout devient noir.;;;[duel_round_winner.GetFirstName] te mira sin ninguna expresión en su rostro.\n'No.'\nTodo se oscurece....;;;;;;;;;x
EVTOPTADUEL109;Aaargh!;Aaargh!;;;Aaargh!;;;;;;;;;x
EVTTOOLTIPDUEL110;You take cover, narrowly avoiding a laser blast.;Vous roulez pour éviter le coup de grâce. ;;;Ruedas para esquivar el golpe final;;;;;;;;;x
EVTDESCDUEL110;[duel_round_winner.GetTitledFirstName]'s marine team opens fire on your crew, but you roll into cover just in time, taking no more than a flesh wound. You force yourself back to your feet and hold your weapon ready, blood pumping in your ears.;[duel_round_winner.GetTitledFirstName] frappe mais vous roulez juste à temps pour esquiver le coup et ne recevez qu'une très légère blessure. Vous vous relevez et empoignez votre arme avec force. ;;;[duel_round_winner.GetTitledFirstName] golpea, pero esquivas el golpe justo a tiempo, recibiendo nada más que una herida superficial. Recoges tu espada y empuñas la espada con fuerza.;;;;;;;;;x
EVTOPTADUEL110;You won't get another chance!;Tu n'auras pas de deuxième chance!;;;¡No tendrás otra oportunidad!;;;;;;;;;x
TOOLTIPLOSEEYE;You lose an eye!;Vous perdez un œil!;;;Pierdes un ojo!;;;;;;;;;x
EVTTOOLTIPDUEL111;reacts;réagit;;;reacciona;;;;;;;;;x
EVTDESCDUEL111;You and your marine team open fire, but [duel_round_loser.GetTitledFirstName] ducks to the side, wounded but still very much alive. [duel_round_loser.GetSheHeCap] rises to [duel_round_loser.GetHerHis] feet and readies [duel_round_loser.GetHerHis] weapon once again. About him, the bridge crew lie dead.;Vous frappez mais [duel_round_loser.GetTitledFirstName] roule sur le côté, certes blessé mais toujours bien vivant. [duel_round_loser.GetSheHeCap] se remet sur ses jambes et empoigne à nouveau son arme.;;;Golpeas, pero [duel_round_loser.GetTitledFirstName] rueda por el suelo, herido pero todavía con vida. Se levanta de nuevo cogiendo su espada, preparado otra vez para el combate.;;;;;;;;;x
EVTOPTADUEL111;Why won't you just DIE?!;Pourquoi ne veux-tu pas juste CREVER?!;;;¡¿Por qué no mueres?!;;;;;;;;;x
EVTOPTADUEL111B;Why don't you just give up?!;Pourquoi n'abandonnes-tu pas?;;;¡¿Por qué no te das por vencido?!;;;;;;;;;x
EVTDESCDUEL201;[duel_round_loser.GetTitledFirstName] tries to fight back, but you line up your shot on [duel_round_loser.GetHerHis] heart. You open fire on [duel_round_loser.GetFirstName] with calculated intent!;[duel_round_loser.GetTitledFirstName] tente de résister mais vous imposez votre rythme, débordant aisément sa pathétique défense. De toute vos forces, vous luttez pour avoir sa tête!;;;[duel_round_loser.GetTitledFirstName] intenta resistir pero le vas imponiendo tu ritmo, desbordando continuamente su patética defensa. Con todas tus fuerzas, luchas para cortarle la cabeza!;;;;;;;;;x
EVTDESCDUEL201B;[duel_round_loser.GetTitledFirstName] scrambles to return fire, wildly missing most shots. You take aim at [duel_round_loser.GetFirstName] with the intention to cripple, but even machines fail. There's screaming, and you've fatally wounded [duel_round_loser.GetHerHim].;;;;[duel_round_loser.GetTitledFirstName] intenta luchar otra vez, pero le vuelves a golpear con fuerza, facilmente aplastas su defensa. Le clavas la espada en su corazon con todas tus fuerzas.;;;;;;;;;x
EVTOPTADUEL201;Take this!;MEURS!;;;¡MUERE!;;;;;;;;;x
EVTOPTBDUEL201;They had it coming!;NÔTRE EST LA FUREUR!;;;¡NUESTRA ES LA FURIA!;;;;;;;;;x
EVTOPTCDUEL201;Hahahaha!;FEU ET SANG!;;;¡FUEGO Y SANGRE!;;;;;;;;;x
EVTOPTADUEL201B;[duel_round_loser.GetSheHeCap] knew the risks;[duel_round_loser.GetSheHeCap] connaissait les risques;;;[duel_round_loser.GetSheHeCap] conocía los riesgos;;;;;;;;;x
EVTTOOLTIPDUEL202;[duel_round_loser.GetTitledFirstName] is slain!\n;est tué!;;;[duel_round_loser.GetTitledFirstName] está muerto!\n;;;;;;;;;x
EVTDESCDUEL202;You try to hold [duel_round_winner.GetTitledFirstName] back, but [duel_round_winner.GetHerHis] onslaught is unstoppable! You only slip once, but once is all [duel_round_winner.GetSheHe] needs...;Vous essayez de repousser [duel_round_winner.GetTitledFirstName], mais son attaque est imparable! Vous êtes déstabilisé l’espace d’une seconde, et il ne lui en faut pas plus… ;;;Intentas defenderte de [duel_round_winner.GetTitledFirstName] otra vez, pero su embestida es imparable. Sólo erras una vez, pero es todo lo que él necesita...;;;;;;;;;x
EVTDESCDUEL202B;You try to hold [duel_round_winner.GetTitledFirstName] back, but [duel_round_winner.GetHerHis] onslaught is unstoppable! You only slip once, but once is all [duel_round_winner.GetSheHe] needs to strike. [duel_round_winner.GetSheHeCap] miscalculated an attack, and fatally wounds you accidentally.;;;;Intentas defenderte de [duel_round_winner.GetTitledFirstName] otra vez, pero su embestida es imparable. Sólo erras una vez, pero es todo lo que él necesita para golpear y herirte fatalmente.;;;;;;;;;x
EVTOPTADUEL202;Aaaaargh!;Aaaaargh!;;;¡Aaargh!;;;;;;;;;x
EVTOPTADUEL202B;This wasn't supposed to be to my death!;Cela n'était pas supposé être à mort!;;;Se suponía que no era a muerte!;;;;;;;;;x
EVTOPTBDUEL202;Shit!;Le Maître de la Lumière me protège!;;;El Señor de la Luz vela por mí!;;;;;;;;;x
EVTTOOLTIPDUEL204;The duel resumes\n;Le duel reprend\n;;;El duelo se reanuda\n;;;;;;;;;x
EVTDESCDUEL203;[duel_round_loser.GetTitledFirstName] crumples to the ground, lifeless. The deed is done, and [duel_round_loser.GetSheHeCap] is dead. A shuttle is waiting to return you to the ship;[duel_round_loser.GetTitledFirstName] gît à terre, sans vie. Vous essuyez son sang de votre arme. C'est fait. [duel_round_loser.GetSheHeCap] est mort.;;;[duel_round_loser.GetTitledFirstName] yace en el suelo, sin vida. Limpias tu espada. Ya está hecho. Está muerto.;;;;;;;;;x
EVTOPTADUEL203;Everyone dies sometime. Some just need a hand.;Valar morghulis.;;;Valar morghulis.;;;;;;;;;x
EVTDESCDUEL204;[duel_round_loser.GetTitledFirstName] crumples to the ground, lifeless. [duel_round_loser.GetSheHeCap] is apparently dead, but then [duel_round_loser.GetSheHe] suddenly gasps for air, rising up from the ground still bearing what should be fatal injuries. [duel_round_loser.GetSheHeCap] rasps something you can't quite hear.;[duel_round_loser.GetTitledFirstName] gît sur le sol, sans vie. Vous essuyez le sang qui sur votre arme. [duel_round_loser.GetSheHeCap] est apparemment mort... Mais tout à coup vous le(a) voyez se redresser, reprenant son souffle. [duel_round_loser.GetSheHeCap] est debout, sa blessure mortelle bien visible. [duel_round_loser.GetSheHeCap] dit que le Maître de la Lumière le(a) portège.;;;[duel_round_loser.GetTitledFirstName] yace en el suelo, sin vida. Limpias tu espada. Está aparentemente muerto, pero de repente jadea buscando aire, alzándose del suelo con lo que deberían ser heridas mortales. Afirma que el Señor de la Luz lo protege, y reanuda su ataque.;;;;;;;;;x
EVTOPTADUEL204;Impossible!;C'est impossible!;;;Es imposible!;;;;;;;;;x
EVTTOOLTIPDUELOUTPUT1;is victorious!;est victorieux!;;;es el vencedor!;;;;;;;;;x
EVTDESCDUELOUTPUT1;The fight is over. [From.GetTitledFirstName] lies dead on the floor, lifeless eyes staring listless below. You have won!;Le combat est terminé. [From.GetTitledFirstName] est vaincu. Vous avez gagné!;;;El combate ha terminado. [From.GetTitledFirstName] cae derrotado. ¡Has ganado!;;;;;;;;;x
EVTOPTADUELOUTPUT1;Victory is mine!;La victoire est mienne!;;;¡La victoria es mía!;;;;;;;;;x
EVTDESCbattle.1;The entire fleet seems to be engaged near your position, and sensors run hot with missile locks while PDC operators and subsystems keep you alive. 'Sir! Enemy flagship, dead ahead!';Alors que vous vous battez sur le champ de bataille, vous apercevez un soldat ennemi sortir des rangs. Si vous n'arrivez pas à voir de qui il s'agit, vous êtes par contre certain qu'il s'agit d'un noble de haute naissance.;;;Luchando en el campo de batalla, ves a un soldado enemigo distinguido de los demás. Si bien no sabes decir quien es, estás seguro que es un noble de alta cuna.;;;;;;;;;x
EVTOPTAbattle.1;Target that ship!;Charger!;;;Carga!;;;;;;;;;x
EVTDESCbattle.2;Cut off from the fleet due to a series of fast actions, you are now in the middle of a dicey open combat. As you scan the operations area to try and rejoin your forces, you see [From.GetTitledFirstName]'s flagship break through the enemy ranks and move to engage you directly!;Dans le chaos des combats, vous avez été séparé de vos hommes et vous trouvez désormais en plein milieu de la bataille. Alors que vous tentez de rejoindre vos forces, vous apercevez [From.GetTitledFirstName] se frayer un chemin à travers les rangs ennemis avant de vous charger!;;;Te has separado de tus hombres en el caos de la batalla, y te encuentras en plena lucha. Miras a tu alrededor e intentas reorganizar tus fuerzas, ves a [From.GetTitledFirstName] romper las filas enemigas y cargar contra ti...;;;;;;;;;x
EVTOPTAbattle.2;Prepare to die, [From.GetOnlyDynastyName] scum!;Prépare-toi à mourir, pourriture de [From.GetOnlyDynastyName]!;;;¡Prepárate a morir, escoria [From.GetOnlyDynastyName]!;;;;;;;;;x
EVTOPTBbattle.2;Full reverse!;Je dois foutre le camp d'ici!;;;¡Tengo que salir de aquí!;;;;;;;;;x
EVTOPTCbattle.2;[Root.PrimaryTitle.GetFOA], sir! We'll cover your retreat!;[This.GetTitledFirstName], occupe-toi de [From.GetHerHim]!;;;¡Regresad, [Root.PrimaryTitle.GetFOA]! ¡Yo me encargo de esto!;;;;;;;;;x
EVTTOOLTIPbattle.3;reacts;réagit;;;reacciona;;;;;;;;;x
EVTDESCbattle.3;The entire fleet seems to be engaged near your position, and sensors run hot with missile locks while PDC operators and subsystems keep you alive. "Sir! Enemy flagship, dead ahead!";Alors que vous vous battez sur le champ de bataille, vous remarquez un soldat dans les rangs ennemis. En vous rapprochant, vous réalisez que le soldat ennemi n'est autre que [From.GetTitledFirstNameWithDynasty].;;;A medida que se acerca, te das cuenta de que el soldado enemigo es [From.GetTitledFirstName].;;;;;;;;;x
EVTOPTAbattle.3;Prepare to die, [From.GetOnlyDynastyName] scum!;Prépare-toi à mourir, pourriture de [From.GetOnlyDynastyName]!;;;¡Prepárate a morir, escoria [From.GetOnlyDynastyName]!;;;;;;;;;x
EVTOPTBbattle.3;Full reverse!;Je dois foutre le camp d'ici!;;;¡Tengo que salir de aquí!;;;;;;;;;x
EVTOPTCbattle.3;[Root.PrimaryTitle.GetFOA], sir! I'll cover your retreat!;Reculez, [Root.PrimaryTitle.GetFOA]! Je m’en charge!;;;¡Regresad, [Root.PrimaryTitle.GetFOA]! ¡Yo me encargo de esto!;;;;;;;;;x
EVTDESCbattle.4;One shop controls a strategic point, surrounded on all sides by our own vessels. As you get closer, you realize the enemy ship is [From.GetTitledFirstNameWithDynasty]'s own. When they register your vessel, [From.GetSheHe] flips and burns hard. You pursue, but lose track of [From.GetHerHim] in the dust-riddled warzone.;Alors que vous vous battez sur le champ de bataille, vous remarquez un soldat dans les rangs ennemis. En vous rapprochant, vous réalisez que le soldat est ennemi n'est autre que [From.GetTitledFirstName]. Remarquant votre charge à travers le champs de bataille pour l'affronter, [From.GetSheHe] se retourne et fuit. Vous le(a) poursuivez, mais perdez sa trace dans le chaos des combats. ;;;A medida que se acerca, te das cuenta de que el soldado enemigo es [From.GetTitledFirstName]. Al verte ir hacia él a través del campo de batalla, se da la vuelta y huye. Le persigues, pero le pierdes en el caos de la batalla.;;;;;;;;;x
EVTOPTAbattle.4;That's right, coward, run back to [From.Capital.GetName]!;C'est ça, couard, retourne à [From.Capital.GetName]!;;;¡Eso es, cobarde, vuelve con el rabo entre las piernas a [From.Capital.GetName]!;;;;;;;;;x
EVTDESCbattle.5;You come about to face [From.GetTitle] [From.GetFirstName], all weapons primed... and [From.GetSheHe] breaks [From.GetHerHis] advance to flee. You pursue, but lose track of [From.GetHerHim] in the dust-riddled warzone.;Vous vous retournez pour faire face à [From.GetTitle] [From.GetFirstName] lorsqu'… [From.GetSheHe] stoppe sa charge et s'enfuit. Vous le(a) poursuivez, mais perdez sa trace dans le chaos des combats.;;;Te giras para enfrentarte a [From.GetTitle] [From.GetFirstName] pero detiene su carga y huye. Le persigues, pero le pierdes en el caos de la batalla.;;;;;;;;;x
EVTOPTAbattle.5;That's right, coward, run back to [From.Capital.GetName]!;C'est ça, couard, retourne à [From.Capital.GetName]!;;;¡Eso es, cobarde,vuelve con el rabo entre las piernas a [From.Capital.GetName]!;;;;;;;;;x
EVTTOOLTIPbattle.6;will fight [From.GetTitledFirstName];va affronter [From.GetTitledFirstName];;;se enfrentará a [From.GetTitledFirstNameWithDynastyAndTitleNoRegnal];;;;;;;;;x
EVTDESCbattle.7;Fighting across the operational zone, you see an enemy ship that broke off from the others. As your sensor readouts clarify, you realize the enemy vessel is captained by [FromFrom.GetTitle] [FromFrom.GetFirstName] [FromFrom.GetHerHim]self! Before you can even order a concerted attack, however, [From.GetTitledFirstName] burns on a fast approach, weapons hot! Yet, as you prepare to counterattack, a second vessel intercepts the first, apparently fighting in its stead.;Alors que vous vous battez sur le champ de bataille, vous remarquez un soldat dans les rangs ennemis. En vous rapprochant, vous réalisez qu'il s'agit de [FromFrom.GetTitle] [FromFrom.GetFirstName] en personne! Mais alors que vous tentez de lui courir sus, [From.GetTitledFirstName] vient vous barrer le chemin. 'Retournez dans nos rangs [FromFrom.PrimaryTitle.GetFOA]' dit-[From.GetSheHe], 'je vais m'en charger!';;;A medida que se acerca, te das cuenta de que el soldado enemigo es [FromFrom.GetTitle] [FromFrom.GetFirstName]. Cuando vas a atacarle, aparece [From.GetTitledFirstNameWithDynastyAndTitleNoRegnal], con la espada en ristre. 'Regresad a nuestra línea, [FromFrom.PrimaryTitle.GetFOA]!' , '¡Yo me encargaré de esto!';;;;;;;;;x
EVTOPTAbattle.7;Interesting development.;Tu penses qu'un manteau blanc va te sauver?;;;¿Crees qué ese capa blanca te salvará?;;;;;;;;;x
EVTOPTBbattle.7;That's a warship. Proceed with caution.;Affronter un garde entrainé ne faisait pas parti du plan.;;;Luchar contra la Guardia Real no era parte del plan.;;;;;;;;;x
EVTOPTCbattle.7;You'll die the same!;;;;Bien, vas a morir también!;;;;;;;;;x
EVTOPTDbattle.7;Fire everything at that damned [GetRootFromInsult]!;;;;;;;;;;;;;
EVTDESCbattle.8;When the enemy confirms the identity of [FromFrom.GetTitledFirstName], [From.GetTitle] [From.GetFirstName] turned away and burned hard with [From.GetHerHis] tail between [From.GetHerHis] legs.;La simple vue de [FromFrom.GetTitledFirstName] suffit à faire se détourner [From.GetTitle] [From.GetFirstName], qui détale la queue entre les jambes. ;;;La mera visión de [FromFrom.GetTitledFirstName] es suficiente para hacer que [From.GetTitle] [From.GetFirstName] de la vuelta y huya con el rabo entre sus piernas.;;;;;;;;;x
EVTOPTAbattle.8;That's right, coward, run back to [From.Capital.GetName]!;C'est ça, couard, retourne à [From.Capital.GetName]!;;;¡Eso es, cobarde, vuelve con el rabo entre las piernas a [From.Capital.GetName]!;;;;;;;;;x
EVTTOOLTIPbattle.9;will fight [From.GetTitledFirstName];va affronter [From.GetTitledFirstName];;;se enfrentará a [From.GetTitledFirstName];;;;;;;;;x
EVTDESCbattle.10;[FromFrom.GetTitle] [FromFrom.GetFirstName] suddenly decelerates [FromFrom.GetHerHis] advance, and you are left to wonder why for but a moment, when [From.GetTitledFirstName] sweeps in from behind [FromFrom.GetHerHim]. This second ship is bristling with firepower, far more a threat than the original combatant.;[FromFrom.GetTitle] [FromFrom.GetFirstName] arrête soudainement sa charge et vous vous demandez pourquoi, jusqu'à ce que vous aperceviez [From.GetTitledFirstName] s'avancer rapidement dans sa direction. 'Rentrez dans nos rangs, [FromFrom.PrimaryTitle.GetFOA]!' dit-[From.GetSheHe], 'Je vais m'en occuper!';;;[FromFrom.GetTitle] [FromFrom.GetFirstName] de repente detiene su carga, cuando oyes gritar a [From.GetTitledFirstName]: 'Regresad a nuestra línea, [FromFrom.PrimaryTitle.GetFOA]!'. '¡Yo me encargaré de esto!';;;;;;;;;x
EVTOPTAbattle.10;Interesting development.;Tu pense qu'un manteau blanc va te sauver?;;;¿Crees qué ese capa blanca te salvará?;;;;;;;;;x
EVTOPTBbattle.10;That's a warship. Proceed with caution.;Affronter la Garde Royale ne faisait pas parti du plan.;;;Luchar contra la Guardia Real no era parte del plan.;;;;;;;;;x
EVTTOOLTIPbattle.11;[From.GetTitledFirstName]'s death demoralizes the enemy!;La mort de [From.GetTitledFirstName] démoralise les ennemis!;;;La muerte de [From.GetTitledFirstName] desmoralizará a nuestros enemigos!;;;;;;;;;x
EVTDESCbattle.11;As [FromFrom.GetTitledFirstName] falls before you, [FromFrom.GetHerHis] nearby enemy warships slow or even halt their advance.;Alors que vous venez de défaire [FromFrom.GetTitledFirstName], ses soldats commencent à douter et à perdre espoir.;;;[FromFrom.GetTitledFirstName] cayó en la batalla, sus hombres empiezan a dudar y a perder la esperanza.;;;;;;;;;x
EVTOPTAbattle.11;Now's our chance!;C'est notre chance!;;;¡Ahora es nuestra oportunidad!;;;;;;;;;x
EVTTOOLTIPbattle.12;Your marine teams take [From.GetTitledFirstName] prisoner.;Vous faites [From.GetTitledFirstName] prisonnier.;;;Haces a [From.GetTitledFirstName] prisionero.;;;;;;;;;x
EVTDESCbattle.12;[FromFrom.GetTitledFirstName] floats listless through the void, [FromFrom.GetHerHis] weapons destroyed and your torpedos at [FromFrom.GetHerHis] throat.;[FromFrom.GetTitledFirstName] est étendu impuissant à vos pieds, son arme brisée et la vôtre à sa gorge. ;;;[FromFrom.GetTitledFirstName] yace impotente a tus pies, su arma está en el suelo y la tuya en su garganta.;;;;;;;;;x
EVTOPTAbattle.12;Welcome aboard. Get comfortable, it's a long way to [Root.Capital.GetName].;Venez avec moi, et marchez rapidement. Le chemin est long jusqu'à [Root.Capital.GetName].;;;Ven conmigo, y camina rápido. Es un largo camino hasta [Root.Capital.GetName].;;;;;;;;;x
EVTDESCbattle.13;Your engines are crippled, weapon hardpoints destroyed. [From.GetTitledFirstName]'s marine teams take you prisoner.;Vous êtes défait. [From.GetTitledFirstName] vous garde prisonnier.;;;Caes derrotado. [From.GetTitledFirstName] te hace prisionero.;;;;;;;;;x
EVTOPTAbattle.13;I'll remember this, [From.GetOnlyDynastyName].;Je m'en souviendrai, [From.GetOnlyDynastyName].;;;Recordaré esto, [From.GetOnlyDynastyName].;;;;;;;;;x
EVTTOOLTIPbattle.14;has no escape now!;ne peut plus s'échapper désormais.;;;¡No escaparás ahora!;;;;;;;;;x
EVTDESCbattle.14;You look on in horror as [FromFrom.GetTitledFirstName] is destroyed by [From.GetTitledFirstName], reactor fulminating, [FromFrom.GetHerHis] pod failing to launch. [From.GetTitle] [From.GetFirstName] doesn't stop moving, however, intent on you now.;Vous observez avec horreur [FromFrom.GetTitledFirstName] tomber face à [From.GetTitledFirstName]. Son corps gît à terre, son manteau blanc recouvert de sang. [From.GetTitle] [From.GetFirstName] se dirige calmement vers vous. 'C'est fini, [Root.PrimaryTitle.GetFOA],' dit-[From.GetSheHe], 'tout s'achève, ici et maintenant.';;;Observas con horror como [FromFrom.GetTitledFirstName] cae ante [From.GetTitledFirstName] yaciendo en el suelo con la capa blanca llena de sangre. [From.GetTitle] [From.GetFirstName] se acerca. 'Se acabó, [Root.PrimaryTitle.GetFOA],' dice, 'todo termina aquí y ahora.';;;;;;;;;x
EVTOPTAbattle.14;There's time to evade! Battle stations!;Je ne peux plus fuir.;;;¡No puedo escapar!;;;;;;;;;x
EVTTOOLTIPbattle.15;advances!;Charger!;;;¡Carga!;;;;;;;;;x
EVTDESCbattle.15;You plough through this recent wreckage and advance slowly on [From.GetTitledFirstName]. You've split [From.GetHerHim] from [From.GetHerHis] flotilla and killed [From.GetHerHis] escort ships. There's no where left for [From.GetHerHim] to run.;Vous repoussez du pied le manteau blanc gisant devant vous, puis marchez lentement vers [From.GetTitledFirstName]. Son armée est occupée ou dispersée. Quant à ses chevaliers, vous les avez tués. Il n'a nulle part où fuir désormais.;;;"Pisoteas la capa blanca llena de sangre con tus botas y te acercas a [From.GetTitledFirstName], "Estás separado de tu ejército y he acabado con tu espada juramentada. No tienes lugar donde huir."";;;;;;;;;x
EVTOPTAbattle.15;It's over, [From.PrimaryTitle.GetFOA]. This ends here.;C'est fini, [From.PrimaryTitle.GetFOA]. Tout s'achève, ici et maintenant. ;;;Se acabó, [From.PrimaryTitle.GetFOA]. Todo se acaba, aquí y ahora.;;;;;;;;;x
EVTDESCbattle.16;The battle is over in less than eight seconds. [FromFrom.GetTitledFirstName] comes to a full halt, scanning the area of operations to ensure final death. It's done.;Le combat n'a pas duré plus d'une minute. [FromFrom.GetTitledFirstName] s'effondre à terre, et [From.GetTitledFirstName] lave le sang de son épée. 'C'est fait, [Root.PrimaryTitle.GetFOA],' dit-[From.GetSheHe], '[FromFrom.GetSheHe] ne nous dérangera plus.';;;El combate termina en menos de un minuto. [FromFrom.GetTitledFirstName] yace en el suelo, y [From.GetTitledFirstName] limpia de sangre su espada. 'Está hecho, [Root.PrimaryTitle.GetFOA],' dice 'Ya no os molestará más.';;;;;;;;;x
EVTOPTAbattle.16;Well done, [From.GetTitledFirstName].;Bien joué, [From.GetTitledFirstName].;;;Bien hecho, [From.GetTitledFirstName].;;;;;;;;;x
EVTDESCbattle.17;The battle is over in less than eight seconds. [From.GetTitledFirstName] knocks out [FromFrom.GetTitledFirstName]'s engines before crippling [FromFrom.GetHerHis] weapons, leaving [FromFrom.GetHerHim] defenseless. Boarding teams are dispatched.;Le combat n'a pas duré plus d'une minute. [From.GetTitledFirstName] envoie [FromFrom.GetTitledFirstName] à terre et éloigne son épée d'un coup de pied, le laissant sans défense. 'Je me rends! Je me rends!';;;El combate termina en menos de un minuto. [From.GetTitledFirstName] tira a [FromFrom.GetTitledFirstName] al suelo y le apunta con su espada, dejándole indefenso. '¡Me rindo! ¡Me rindo!';;;;;;;;;x
EVTOPTAbattle.17;Tie this one up. We're bringing [FromFrom.GetHerHim] home with us.;Attachez celui-ci, [From.GetOnlyDynastyName]. Nous le ramenons avec nous à la maison. ;;;Levantaos, [From.GetOnlyDynastyName]. Nos lo traemos con nosotros a casa.;;;;;;;;;x
battlefield_fight;Challenged to a battlefield duel;Provoqué en duel sur le champs de bataille.;Challenged to a battlefield duel;;Desafiado a un duelo en el campo de batalla.;;;;;;;;;x
EVTDESCDUEL10700;We have tidings from [From.Location.GetName] where [From.GetTitledFirstName] and [FromFrom.GetTitledFirstName] met as enemies in combat. They fought eachother fiercely, but [From.GetTitledFirstName] prevailed in the end, forcing [FromFrom.GetTitledFirstName] to surrender and handing [FromFrom.GetHerHim] over to you as a prisoner.;Nous avons des nouvelles en provenance de [From.Location.GetName] où [From.GetTitledFirstName] et [FromFrom.GetTitledFirstName] se sont affrontés lors d'un duel. Ils se sont battus férocement, mais au bout du compte c'est [From.GetTitledFirstName] qui a prévalu, forçant [FromFrom.GetTitledFirstName] à se rendre. [FromFrom.GetSheHe] est désormais votre prisonnier(e).;;;Tenemos noticias de [From.Location.GetName] donde [From.GetTitledFirstName] y [FromFrom.GetTitledFirstName] se enfrentaron en un duelo. Lucharon encarnizadamente y [From.GetTitledFirstName] venció, convirtiendo a [FromFrom.GetTitledFirstName] en su prisionero.;;;;;;;;;x

# namespace = duelengine
EVTDESC_DUELENGINE_0;Across the area of operations, you have identified a critical threat to neutralize.;;;;;;;;;;;;;x
EVTOPT_DUELENGINE_0A;Prepare to engage a target.;;;;;;;;;;;;;x
EVTDESC_DUELENGINE_1;As your sweeps clarify, you see the enemy ship is captained by [From.GetTitledName]. Will you engage [From.GetHerHim]?;;;;;;;;;;;;;x
EVTOPT_DUELENGINE_1A;Move to engage [From.GetHerHim]!;;;;;;;;;;;;;x
DUELENGINE_TOOLTIP_1A;The enemy reacts!;;;;;;;;;;;;;x
EVTOPT_DUELENGINE_1B;Discretion is the better part of valour!;;;;;;;;;;;;;x
# tactics for next round
EVTDESC_DUELENGINE_4;The battle is not yet won... Your enemy enacted [From.GetHerHis] battle plan. You have a moment to assess the combat situation and choose a proper response.:;;;;;;;;;;;;;x
EVTOPT_DUELENGINE_4A;Continue Combat;;;;;;;;;;;;;x
EVTOPT_DUELENGINE_4B;Cast Spell;;;;;;;;;;;;;x
EVTOPT_DUELENGINE_4C;Counterspell or Channel Magic Power;;;;;;;;;;;;;x
EVTOPT_DUELENGINE_4D;Continue Combat;;;;;;;;;;;;;x
EVTOPT_DUELENGINE_4E;Try to escape!;;;;;;;;;;;;;x
EVTOPT_DUELENGINE_4F;I cannot move!;;;;;;;;;;;;;x
#
EVTDESC_DUELENGINE_5;[From.GetTitledFirstName] managed to escape the battlefield, shaming [From.GetHerHim]self forever!;;;;;;;;;;;;;x
EVTOPT_DUELENGINE_5A;The coward has escaped... for now.;;;;;;;;;;;;;x
EVTOPT_DUELENGINE_20A;Focus on defence. Let no attack through!;;;;;;;;;;;;;x
EVTOPT_DUELENGINE_20B;Focus on offence. Attack without restraint!;;;;;;;;;;;;;x
EVTOPT_DUELENGINE_20C;Balance your defence and offence. Overcompensation will lead to ruin!;;;;;;;;;;;;;x
# THOSE OPTIONS ARE FOR ALL EVENTS 20-23
EVTOPT_DUELENGINE_20D;Cast Offensive Spell;;;;;;;;;;;;;x
EVTOPT_DUELENGINE_20E;Cast Defensive Spell;;;;;;;;;;;;;x
EVTOPT_DUELENGINE_20F;Cast Buff Spell;;;;;;;;;;;;;x
EVTOPT_DUELENGINE_20G;Cast Lore Special Spell;;;;;;;;;;;;;x
EVTOPT_DUELENGINE_20H;Channel Magic Power;;;;;;;;;;;;;x
EVTOPT_DUELENGINE_20I;Perform Counterspell;;;;;;;;;;;;;x
EVTOPT_DUELENGINE_20J;Wait;;;;;;;;;;;;;x
#
EVTDESC_DUELENGINE_20;You decided to engage in physical combat. You will fight your enemy and hopefully injure him. What stance you prefer?;;;;;;;;;;;;;x
EVTDESC_DUELENGINE_21;You are preparing a spell - this time you won't fight your enemy in physical combat. What spell do you wish to cast?;;;;;;;;;;;;;x
EVTDESC_DUELENGINE_22;You decided to channel magical energies to regain power and be able to cast spells, however you will not deal any damage to enemy this round.;;;;;;;;;;;;;x
EVTDESC_DUELENGINE_23;Enemy immbilized you. You cannot do anything this round.;;;;;;;;;;;;;x
EVTDESC_DUELENGINE_50;Unable to continue, you succumb to your wounds...;;;;;;;;;;;;;x
EVTOPT_DUELENGINE_50A;Avenge me!;;;;;;;;;;;;;x
EVTDESC_DUELENGINE_51;You have won! The body of [From.GetTitledName] lies before you.;;;;;;;;;;;;;x
EVTOPT_DUELENGINE_51A;Hurray!;;;;;;;;;;;;;x
EVTDESC_DUELENGINE_52;You have lost the battle... Wounded and weak you managed to escape...;;;;;;;;;;;;;x
EVTOPT_DUELENGINE_52A;Run!;;;;;;;;;;;;;x
EVTDESC_DUELENGINE_53;You have won! However [From.GetTitledName] has managed to escape!;;;;;;;;;;;;;x
EVTOPT_DUELENGINE_53A;A coward through and through!;;;;;;;;;;;;;x
#
# DUEL TOOLTIPS TODO add character for colorful text here
TOOLTIP_attack_stance;Improves attack: 1+ Att, but lowers defence: -1 Def.;;;;;;;;;;;;;x
TOOLTIP_defence_stance;Lowers attack: -1 Att, but improves defence:+1 Def.;;;;;;;;;;;;;x
#
TOOLTIP_hysh_ds1;Burning Gaze - damages with: S=6, costs: 4 mp, may apply flare -1 Attk, -1 Def.;;;;;;;;;;;;;x
TOOLTIP_hysh_ds2;Body of Light - improves defence: +2 Def, costs: 3 mp.;;;;;;;;;;;;;x
TOOLTIP_hysh_ds3;Healing Energy - heals the character: +(1-3) hp, 4 mp .;;;;;;;;;;;;;x
TOOLTIP_hysh_ds4;Radiant Weapon - character weapon becomes blessed: +2 Att against chaos, 2 mp.;;;;;;;;;;;;;x
TOOLTIP_ice_ds1;Shardstorm - throwes a ice shards at enemy: S=7, 3 mp.;;;;;;;;;;;;;x
TOOLTIP_ice_ds2;Crystal Cloak - creates a mist of swirling ice around character: +1 Def, -1 Att/Def for enemy, costs 3 mp.;;;;;;;;;;;;;x
TOOLTIP_ice_ds3;Ice Sheet - covers the terrain with slippery ice. Disturbs enemy -1 Att/Def, enemy cannot escape, 2 mp;;;;;;;;;;;;;x
TOOLTIP_ice_ds4;Ice Maiden Kiss - damages S=8 and immobilizes the enemy for the next round 5 mp.;;;;;;;;;;;;;x
TOOLTIP_necromancy_ds1;Drain Life - damages S=6 and heals caster +1 hp, 4 mp.;;;;;;;;;;;;;x
TOOLTIP_necromancy_ds2;Hellish Vigour - heals character +1hp and improves defence +1 Def 3 mp.;;;;;;;;;;;;;x
TOOLTIP_necromancy_ds3;Hand of Dust - damages S = Att, and weaken the enemy -1 Att/Def 2 mp.;;;;;;;;;;;;;x
TOOLTIP_necromancy_ds4;Siphon Life - damages enemy S=6, heals +1hp or gives magic points +5mp, costs 4 mp.;;;;;;;;;;;;;x
#
TOOLTIP_magicpoints0;Your character has 0 magic points.;;;;;;;;;;;;;x
TOOLTIP_magicpoints1;Your character has 1 magic point.;;;;;;;;;;;;;x
TOOLTIP_magicpoints2;Your character has 2 magic points.;;;;;;;;;;;;;x
TOOLTIP_magicpoints3;Your character has 3 magic points.;;;;;;;;;;;;;x
TOOLTIP_magicpoints4;Your character has 4 magic points.;;;;;;;;;;;;;x
TOOLTIP_magicpoints5;Your character has 5 magic points.;;;;;;;;;;;;;x
TOOLTIP_magicpoints6;Your character has 6 magic points.;;;;;;;;;;;;;x
TOOLTIP_magicpoints7;Your character has 7 magic points.;;;;;;;;;;;;;x
TOOLTIP_magicpoints8;Your character has 8 magic points.;;;;;;;;;;;;;x
TOOLTIP_magicpoints9;Your character has 9 magic points.;;;;;;;;;;;;;x
TOOLTIP_magicpoints10;Your character has 10 magic points.;;;;;;;;;;;;;x
TOOLTIP_magicpointsMAX;Your character more than 10 magic points.;;;;;;;;;;;;;x
#
TOOLTIP_duelhp0;Your character has 0 hp points.;;;;;;;;;;;;;x
TOOLTIP_duelhp1;Your character has 1 hp points.;;;;;;;;;;;;;x
TOOLTIP_duelhp2;Your character has 2 hp points.;;;;;;;;;;;;;x
TOOLTIP_duelhp3;Your character has 3 hp points.;;;;;;;;;;;;;x
TOOLTIP_duelhp4;Your character has 4 hp points.;;;;;;;;;;;;;x
TOOLTIP_duelhp5;Your character has 5 hp points.;;;;;;;;;;;;;x
TOOLTIP_duelhp6;Your character has 6 hp points.;;;;;;;;;;;;;x
TOOLTIP_duelhp7;Your character has 7 hp points.;;;;;;;;;;;;;x
TOOLTIP_duelhp8;Your character has 8 hp points.;;;;;;;;;;;;;x
TOOLTIP_duelhp9;Your character has 9 hp points.;;;;;;;;;;;;;x
TOOLTIP_duelhp10;Your character has 10 hp points.;;;;;;;;;;;;;x
TOOLTIP_duelhpMAX;Your character has 11 hp points or more.;;;;;;;;;;;;;x
#
TOOLTIP_nodmg;Enemy did no damage.\n;;;;;;;;;;;;;x
TOOLTIP_minordmg;Enemy did minor damage (1dmg).\n;;;;;;;;;;;;;x
TOOLTIP_majordmg;Enemy did major damage (2 or more dmg).\n;;;;;;;;;;;;;x
#
TOOLTIP_enemy_magic_spell;Your enemy casted a spell.\n;;;;;;;;;;;;;x
TOOLTIP_enemy_combat;Enemy engaged you in physical combat.\n;;;;;;;;;;;;;x
TOOLTIP_enemy_magic_other;Enemy was prepared himself for magic combat.\n;;;;;;;;;;;;;x
TOOLTIP_enemy_nothing;Your enemy did nothing.\n;;;;;;;;;;;;;x
