EVTDESCDUEL2;You and [duelist_1.GetTitledFirstName] slowly circle each other, tense and focused. You scan [duelist_1.GetHerHim] for any sign of weakness, any opening in [duelist_1.GetHerHis] defense that you could possibly exploit.;Vous et [duelist_1.GetTitledFirstName] vous tournez lentement autour, tendus et concentrés, guettant chez l’autre le moindre signe de faiblesse, la moindre ouverture dans sa défense. ;;;Tú y [duelist_1.GetTitledFirstName] os posicionáis frente a frente, la tensión se palpa en el ambiente. Lo observas buscando signos de flaqueza para descubrir alguna brecha en su defensa y dirigir el golpe.;;;;;;;;;x
EVTDESCDUEL2BATTLE;In the midst of the battle you and [duelist_1.GetTitledFirstName] circle each other, tense and focused. The raging scene around you seems to slow down as you scan [duelist_1.GetHerHim] for any sign of weakness, any opening in [duelist_1.GetHerHis] defense that you could possibly exploit.;Au milieu de la bataille, vous et [duelist_1.GetTitledFirstName] vous tournez autour, tendus, concentrés. L'univers furieux et sanglant autour de vous semble ralentir alors que vous êtes à l'affût du moindre signe de faiblesse, de la moindre ouverture dans sa défense que vous pourriez exploiter.;;;En mitad del combate tú y [duelist_1.GetTitledFirstName] os posicionáis frente a frente, la tensión se palpa en el ambiente. El tiempo parece ir cada vez más despacio mientras buscas algún signo de flaqueza para descubrir alguna brecha que pueda darte ventaja.;;;;;;;;;x
EVTDESCDUEL2TRIALBYCOMBAT;The court looks on tensely as you and [duelist_1.GetTitledFirstName] face eachother in the trial. You scan [duelist_1.GetHerHim] for any sign of weakness, any opening in [duelist_1.GetHerHis] defense that you could possibly exploit.;Les membres de la cour vous observent en silence alors que vous faîtes face à [duelist_1.GetTitledFirstName] dans ce duel judiciaire. Vous êtes à l'affût du moindre signe de faiblesse, de la moindre ouverture dans sa défense que vous pourriez exploiter.;;;La corte está muy tensa cuando tú y [FromFrom.GetTitledFirstName] os enfrentáis en el duelo. Lo observas buscando signos de flaqueza para descubrir alguna brecha en su defensa y dirigir el golpe.;;;;;;;;;x
EVTDESCDUEL2WOUNDED;[duelist_1.GetTitledFirstName] faces you, and [duelist_1.GetSheHe] realises you are struggling with a wound. [duelist_1.GetSheHeCap] is looking at you searching for any sign of weakness, but you stand resolutely, ready to meet [duelist_1.GetHerHim].;[duelist_1.GetTitledFirstName] vous fait face et [duelist_1.GetSheHe] remarque que vous lutter contre une blessure. [duelist_1.GetSheHeCap] vous regarde, à l'affût du moindre signe de faiblesse, mais vous vous tenez droit et semblez résolu, prêt à l'affronter. ;;;[duelist_1.GetTitledFirstName] se te enfrenta, y se da cuenta que estás herido. Busca algún signo de flaqueza, pero te mantienes con firmeza, listo para el encuentro.;;;;;;;;;x
EVTDESCDUEL2MAIMED;Your grievous injury is clearly hampering you as you assume the position to duel [duelist_1.GetTitledFirstName]. [duelist_1.GetSheHeCap] seems confident because of this, but you hold your ground regardless, ready to take advantage of any opening in [duelist_1.GetHerHis] defense that you could possibly exploit.;Votre grave blessure vous gêne clairement alors que vous vous mettez en position pour affronter [duelist_1.GetTitledFirstName]. [duelist_1.GetSheHeCap] semble sûr de lui mais vous restez concentré, prêt à frapper à la moindre ouverture dans sa garde.;;;Tu grave lesión te dificulta enormemente el duelo contra [duelist_1.GetTitledFirstName]. Parece confiado debido a ello, pero te mantienes firme sin miramientos, listo para aprovechar cualquier brecha de su defensa.;;;;;;;;;x
EVTDESCDUEL2ILL;You are not in the best condition to fight, and [duelist_1.GetTitledFirstName] is seemingly heartened by your illness. You bravely assume the position to meet [duelist_1.GetHerHim] regardless, ready to strike at any lapse in [duelist_1.GetHerHis] defense.;Vous n'êtes pas dans les meilleures conditions pour vous battre, et [duelist_1.GetTitledFirstName] semble content de vous voir si mal en point. Vous vous mettez courageusement en position pour l'affronter, prêt à frapper à la moindre erreur de sa part.;;;No estás en las mejores condiciones para luchar, y [duelist_1.GetTitledFirstName] parece contento por tu enfermedad. Asumes con valor el duelo, listo para aprovechar cualquier brecha de su defensa.;;;;;;;;;x
EVTDESCDUEL2YOUNG;Your weapon feels heavy in your young hands, your armour cumbersome. Yet you stand ready to face [duelist_1.GetTitledFirstName] in combat, slowly circling [duelist_1.GetHerHim] as you search for opportunity to strike.;Votre arme semble si lourde à vos jeunes bras et votre armure semble peser le poids d'un dragon. Néanmoins vous vous tenez prêt à affronter [duelist_1.GetTitledFirstName]. Vous tournez autour de [duelist_1.GetHerHim], cherchant une opportunité de frapper.;;;Tu arma parece pesar demasiado en tus jóvenes manos, y tu armadura incómoda. A pesar de ello, te levantas y te enfrentas a [duelist_1.GetTitledFirstName] en combate, listo para aprovechar cualquier brecha de su defensa.;;;;;;;;;x
EVTDESCDUEL2WOUNDEDOPP;As [duelist_1.GetTitledFirstName] faces you, you realise [duelist_1.GetSheHe] is struggling with a wound. You scan [duelist_1.GetHerHim] searching for any sign of weakness, but [duelist_1.GetSheHe] stand resolutely, ready to meet you.;Alors que vous faîtes face à [duelist_1.GetTitledFirstName], vous remarquez qu'[duelist_1.GetSheHe] lutte contre une blessure. Vous êtes à l'affût du moindre signe de faiblesse, mais [duelist_1.GetSheHe] se tient droit et semble résolu, prêt à vous affronter.;;;Cuando [duelist_1.GetTitledFirstName] se enfrenta a ti, te das cuenta que está herido. Buscas algún signo de flaqueza, pero se mantiene con firmeza, listo para el encuentro.;;;;;;;;;x
EVTDESCDUEL2MAIMEDOPP;[duelist_1.GetTitledFirstName]'s grievous injury is clearly hampering [duelist_1.GetHerHim] as you assume the position to duel [duelist_1.GetHerHim]. You gain confidence because of this, but [duelist_1.GetSheHe] is holding [duelist_1.GetHerHis] ground regardless, ready to take advantage of any opening in your defense that [duelist_1.GetSheHe] could possibly exploit.;Vous vous mettez en position pour affronter [duelist_1.GetTitledFirstName]. Sa grave blessure semble clairement le(a) gêner et cela vous donne confiance en vous. Mais [duelist_1.GetSheHe] reste concentré, prêt à frapper à la moindre ouverture dans votre garde.;;;La grave lesión de [duelist_1.GetTitledFirstName] le dificulta enormemente el duelo contra ti. Ganas confianza por ello, pero se mantiene firme, listo para aprovechar cualquier brecha en tu defensa.;;;;;;;;;x
EVTDESCDUEL2ILLOPP;[duelist_1.GetTitledFirstName] is not in the best condition to fight, and so you take heart from [duelist_1.GetHerHis] illness. [duelist_1.GetSheHeCap] bravely assume the position to meet you regardless, and so you prepare to strike at any lapse in [duelist_1.GetHerHis] defense.;[duelist_1.GetTitledFirstName] n'est pas dans les meilleures conditions pour se battre, et vous êtes content de le voir si mal en point. [duelist_1.GetSheHeCap] se met courageusement en position pour vous affronter, prêt à frapper à la moindre erreur de votre part.;;;[duelist_1.GetTitledFirstName] no está en las mejores condiciones para luchar, y te alegras por su enfermedad. Asume con valor el duelo, listo para aprovechar cualquier brecha de tu defensa.;;;;;;;;;x
EVTDESCDUEL2YOUNGOPP;[duelist_1.GetTitledFirstName] is clearly struggling with the weight of the weapon in [duelist_1.GetHerHis] young hands, [duelist_1.GetHerHis] armour labouring [duelist_1.GetHerHim] also. Yet [duelist_1.GetSheHe] stands ready to face you in combat, slowly circling you as you both search for opportunity to strike.;Les jeunes mains de [duelist_1.GetTitledFirstName] semblent clairement avoir du mal à lever son arme et son armure semble peser le poids d'un dragon. Néanmoins [duelist_1.GetSheHe] se tient prêt àvous affronter. [duelist_1.GetSheHeCap] tourne autour de vous, cherchant une opportunité de frapper.;;;[duelist_1.GetTitledFirstName] parece tener problemas con su arma y su armadura.  A pesar de ello, se levanta y te enfrenta en combate, listo para aprovechar cualquier brecha de tu defensa.;;;;;;;;;x
EVTOPTADUEL2;One mistake is all [duelist_1.GetSheHe]'ll get...;[duelist_1.GetSheHeCap] n’aura droit qu’à une seule erreur... ;;;Un error es todo lo que necesita...;;;;;;;;;x
EVTOPTADUEL2TRIALBYCOMBAT;[Root.Religion.GetHighGodNameCap] will guide me...;[Root.Religion.GetHighGodNameCap] me guidera(ont)...;;;[Root.Religion.GetHighGodName] me guiará...;;;;;;;;;x
EVTOPTADUEL2WOUNDED;This flesh wound will not stop me...;Cette blessure ne m'arrêtera pas…;;;Esta herida superficial no me detendrá...;;;;;;;;;x
EVTOPTADUEL2MAIMED;Even with my injury my strike shall be quick...;Même avec cette blessure, mon frappe sera mortelle… ;;;Mi lesión no detendrá mi ataque...;;;;;;;;;x
EVTOPTADUEL2WOUNDEDOPP;I will aim for [duelist_1.GetHerHis] wound...;Je vais frapper sa blessure… ;;;Apuntaré a su herida...;;;;;;;;;x
EVTOPTADUEL2YOUNGOPP;I cannot fail to miss against this [duelist_1.GetLadLass]...;Je ne peux perder face à ce(tte)...;;;No puedo perder contra este [duelist_1.GetLadLass]...;;;;;;;;;x
EVTOPTBDUEL2;[duelist_1.GetSheHeCap] is no match for my might...;[duelist_1.GetSheHeCap] ne vaut rien face à moi…;;;[duelist_1.GetSheHeCap] no es rival para mi…;;;;;;;;;x
EVTOPTBDUEL2TRIALBYCOMBAT;My faith in [Root.Religion.GetHighGodNameCap] gives me strength...;Ma foi en [Root.Religion.GetHighGodNameCap] me donne la force...;;;Mi fe en [Root.Religion.GetHighGodNameCap] me da fuerzas...;;;;;;;;;x
EVTOPTBDUEL2WOUNDED;No puny scratch will stop my might...;Ce n'est pas un(e) petit(e) malingre qui va me faire peur...;;;No es más que un enclenque...;;;;;;;;;x
EVTOPTBDUEL2MAIMED;I am stronger than this injury! [duelist_1.GetTitledFirstName] will suffer...;Je suis plus fort que cette blessure ! [duelist_1.GetTitledFirstName] va souffrir...;;;Soy más duro que esta lesión! [duelist_1.GetTitledFirstName] sufrirá...;;;;;;;;;x
EVTOPTBDUEL2WOUNDEDOPP;[duelist_1.GetHerHisCap] wound leaves him weak and pitiful...;Sa blessure le(a) rend faible et pitoyable…;;;Su herida le hace parecer débil y patético...;;;;;;;;;x
EVTOPTBDUEL2YOUNGOPP;This puny whelp of a [duelist_1.GetLadLass] is no match for me...;Ce microbe ne m'arrive pas à la cheville…;;;Este gusano no me llega ni a la altura de los zapatos…;;;;;;;;;x
EVTOPTCDUEL2;[duelist_1.GetSheHeCap]'ll not even manage to touch me...;[duelist_1.GetSheHeCap] n'arrivera même pas à me toucher…;;;[duelist_1.GetSheHeCap] ni siquiera logrará tocarme…;;;;;;;;;x
EVTOPTCDUEL2TRIALBYCOMBAT;My will is strong and [Root.Religion.GetHighGodNameCap] protects me...;Ma volonté est forte et [Root.Religion.GetHighGodNameCap] me protège(nt)...;;;Mi voluntad es fuerte y [Root.Religion.GetHighGodNameCap] me protege...;;;;;;;;;x
EVTOPTCDUEL2WOUNDED;Even with this flesh wound [duelist_1.GetSheHe] won't get me again...;Même avec cette blessure, [duelist_1.GetSheHe] ne m'aura pas une nouvelle fois...;;;Incluso con esta herida, [duelist_1.GetSheHe] no llegará otra vez...;;;;;;;;;x
EVTOPTCDUEL2MAIMED;My injury will not halt my strike...;Ma blessure ne va pas stopper ma frappe…;;;Mi lesión no detendrá mi ataque...;;;;;;;;;x
EVTOPTCDUEL2WOUNDEDOPP;With [duelist_1.GetHerHis] wound [duelist_1.GetSheHe]'ll be no match for me...;Avec sa blessure, [duelist_1.GetSheHe] ne vaut rien face à moi...;;;Con su herida, [duelist_1.GetSheHe] no es rival para mi…;;;;;;;;;x
EVTOPTCDUEL2YOUNGOPP;I will barely be scratched by this young [duelist_1.GetLadLass]...;Ce(tte) [duelist_1.GetLadLass] va à peine m'égratigner...;;;Este [duelist_1.GetLadLass] no me hará ni un rasguño...;;;;;;;;;x
TOOLTIPduel_tactic_speed;You attack with speed\n;Vous attaquez avec vélocité\n;;;;;;;;;;;;x
TOOLTIPduel_tactic_force;You attack with force\n;Vous attaquez en force\n;;;;;;;;;;;;x
TOOLTIPduel_tactic_defense;You take a defensive stance\n;You prenez une posture défensive\n;;;;;;;;;;;;x
EVTDESCDUEL3;You and [duelist_2.GetTitledFirstName] slowly circle each other, tense and focused. You scan [duelist_2.GetHerHim] for any sign of weakness, any opening in [duelist_2.GetHerHis] defense that you could possibly exploit.;Vous et [duelist_2.GetTitledFirstName] vous tournez lentement autour, tendus et concentrés, guettant chez l’autre le moindre signe de faiblesse, la moindre ouverture dans sa défense. ;;;Tú y [duelist_2.GetTitledFirstName] os posicionáis frente a frente, la tensión se palpa en el ambiente. Lo observas buscando signos de flaqueza para descubrir alguna brecha en su defensa y dirigir el golpe.;;;;;;;;;x
EVTDESCDUEL3BATTLE;In the midst of the battle you and [duelist_2.GetTitledFirstName] circle each other, tense and focused. The raging scene around you seems to slow down as you scan [duelist_2.GetHerHim] for any sign of weakness, any opening in [duelist_2.GetHerHis] defense that you could possibly exploit.;Au milieu de la bataille, vous et [duelist_2.GetTitledFirstName] vous tournez autour, tendus, concentrés. L'univers furieux et sanglant autour de vous semble ralentir alors que vous êtes à l'affût du moindre signe de faiblesse, de la moindre ouverture dans sa défense que vous pourriez exploiter.;;;En mitad del combate tú y [duelist_2.GetTitledFirstName] os posicionáis frente a frente, la tensión se palpa en el ambiente. El tiempo parece ir cada vez más despacio mientras buscas algún signo de flaqueza para descubrir alguna brecha que pueda darte ventaja.;;;;;;;;;x
EVTDESCDUEL3TRIALBYCOMBAT;The court looks on tensely as you and [duelist_2.GetTitledFirstName] face eachother in the trial. You scan [duelist_2.GetHerHim] for any sign of weakness, any opening in [duelist_2.GetHerHis] defense that you could possibly exploit.;Les membres de la cour vous observent en silence alors que vous faîtes face à [duelist_2.GetTitledFirstName] dans ce duel judiciaire. Vous êtes à l'affût du moindre signe de faiblesse, de la moindre ouverture dans sa défense que vous pourriez exploiter.;;;La corte está muy tensa cuando tú y [duelist_2.GetTitledFirstName] os enfrentáis en el duelo. Lo observas buscando signos de flaqueza para descubrir alguna brecha en su defensa y dirigir el golpe.;;;;;;;;;x
EVTDESCDUEL3WOUNDED;[duelist_2.GetTitledFirstName] faces you, and [duelist_2.GetSheHe] realises you are struggling with a wound. [duelist_2.GetSheHeCap] is looking at you searching for any sign of weakness, but you stand resolutely, ready to meet [duelist_2.GetHerHim].;[duelist_2.GetTitledFirstName] vous fait face et [duelist_2.GetSheHe] remarque que vous lutter contre une blessure. [duelist_2.GetSheHeCap] vous regarde, à l'affût du moindre signe de faiblesse, mais vous vous tenez droit et semblez résolu, prêt à l'affronter. ;;;[duelist_2.GetTitledFirstName] se te enfrenta, y se da cuenta que estás herido. Busca algún signo de flaqueza, pero te mantienes con firmeza, listo para el encuentro.;;;;;;;;;x
EVTDESCDUEL3MAIMED;Your grievous injury is clearly hampering you as you assume the position to duel [duelist_2.GetTitledFirstName]. [duelist_2.GetSheHeCap] seems confident because of this, but you hold your ground regardless, ready to take advantage of any opening in [duelist_2.GetHerHis] defense that you could possibly exploit.;Votre grave blessure vous gêne clairement alors que vous vous mettez en position pour affronter [duelist_2.GetTitledFirstName]. [duelist_2.GetSheHeCap] semble sûr de lui mais vous restez concentré, prêt à frapper à la moindre ouverture dans sa garde.;;;Tu grave lesión te dificulta enormemente el duelo contra [duelist_2.GetTitledFirstName]. Parece confiado, pero te mantienes firme, listo para aprovechar cualquier brecha de su defensa.;;;;;;;;;x
EVTDESCDUEL3ILL;You are not in the best condition to fight, and [duelist_2.GetTitledFirstName] is seemingly heartened by your illness. You bravely assume the position to meet [duelist_2.GetHerHim] regardless, ready to strike at any lapse in [duelist_2.GetHerHis] defense.;Vous n'êtes pas dans les meilleures conditions pour vous battre, et [duelist_2.GetTitledFirstName] semble content de vous voir si mal en point. Vous vous mettez courageusement en position pour l'affronter, prêt à frapper à la moindre erreur de sa part.;;;No estás en las mejores condiciones para luchar, y [duelist_2.GetTitledFirstName] parece contento por tu enfermedad. Asumes con valor el duelo, listo para aprovechar cualquier brecha de su defensa.;;;;;;;;;x
EVTDESCDUEL3YOUNG;Your weapon feels heavy in your young hands, your armour cumbersome. Yet you stand ready to face [duelist_2.GetTitledFirstName] in combat, slowly circling [duelist_2.GetHerHim] as you search for opportunity to strike.;Votre arme semble si lourde à vos jeunes bras et votre armure semble peser le poids d'un dragon. Néanmoins vous vous tenez prêt à affronter [duelist_2.GetTitledFirstName]. Vous tournez autour de [duelist_2.GetHerHim], cherchant une opportunité de frapper.;;;Tu arma parece pesar demasiado en tus jóvenes manos, y tu armadura incómoda. A pesar de ello, te levantas y te enfrentas a [duelist_2.GetTitledFirstName] en combate, listo para aprovechar cualquier brecha de su defensa.;;;;;;;;;x
EVTDESCDUEL3WOUNDEDOPP;As [duelist_2.GetTitledFirstName] faces you, you realise [duelist_2.GetSheHe] is struggling with a wound. You scan [duelist_2.GetHerHim] searching for any sign of weakness, but [duelist_2.GetSheHe] stand resolutely, ready to meet you.;Alors que vous faîtes face à [duelist_2.GetTitledFirstName], vous remarquez qu'[duelist_2.GetSheHe] lutte contre une blessure. Vous êtes à l'affût du moindre signe de faiblesse, mais [duelist_2.GetSheHe] se tient droit et semble résolu, prêt à vous affronter.;;;Cuando [duelist_2.GetTitledFirstName] se enfrenta a ti, te das cuenta que está herido. Buscas algún signo de flaqueza, pero se mantiene con firmeza, listo para el encuentro.;;;;;;;;;x
EVTDESCDUEL3MAIMEDOPP;[duelist_2.GetTitledFirstName]'s grievous injury is clearly hampering [duelist_2.GetHerHim] as you assume the position to duel [duelist_2.GetHerHim]. You gain confidence because of this, but [duelist_2.GetSheHe] is holding [duelist_2.GetHerHis] ground regardless, ready to take advantage of any opening in your defense that [duelist_2.GetSheHe] could possibly exploit.;Vous vous mettez en position pour affronter [duelist_2.GetTitledFirstName]. Sa grave blessure semble clairement le(a) gêner et cela vous donne confiance en vous. Mais [duelist_2.GetSheHe] reste concentré, prêt à frapper à la moindre ouverture dans votre garde.;;;La grave lesión de [duelist_2.GetTitledFirstName] le dificulta enormemente el duelo contra ti. Ganas confianza por ello, pero se mantiene firme, listo para aprovechar cualquier brecha en tu defensa.;;;;;;;;;x
EVTDESCDUEL3ILLOPP;[duelist_2.GetTitledFirstName] is not in the best condition to fight, and so you take heart duelist_2 [duelist_2.GetHerHis] illness. [duelist_2.GetSheHeCap] bravely assume the position to meet you regardless, and so you prepare to strike at any lapse in [duelist_2.GetHerHis] defense.;[duelist_2.GetTitledFirstName] n'est pas dans les meilleures conditions pour se battre, et vous êtes content de le voir si mal en point. [duelist_2.GetSheHeCap] se met courageusement en position pour vous affronter, prêt à frapper à la moindre erreur de votre part.;;;[duelist_2.GetTitledFirstName] no está en las mejores condiciones para luchar, y te alegras por su enfermedad. Asume con valor el duelo, listo para aprovechar cualquier brecha de tu defensa.;;;;;;;;;x
EVTDESCDUEL3YOUNGOPP;[duelist_2.GetTitledFirstName] is clearly struggling with the weight of the weapon in [duelist_2.GetHerHis] young hands, [duelist_2.GetHerHis] armour labouring [duelist_2.GetHerHim] also. Yet [duelist_2.GetSheHe] stands ready to face you in combat, slowly circling you as you both search for opportunity to strike.;Les jeunes mains de [duelist_2.GetTitledFirstName] semblent clairement avoir du mal à lever son arme et son armure semble peser le poids d'un dragon. Néanmoins [duelist_2.GetSheHe] se tient prêt àvous affronter. [duelist_2.GetSheHeCap] tourne autour de vous, cherchant une opportunité de frapper.;;;[duelist_2.GetTitledFirstName] parece tener problemas con su arma y su armadura.  A pesar de ello, se levanta y te enfrenta en combate, listo para aprovechar cualquier brecha de tu defensa.;;;;;;;;;x
EVTOPTADUEL3;One mistake is all [duelist_1.GetSheHe]'ll get...;[duelist_2.GetSheHeCap] n’aura droit qu’à une seule erreur... ;;;Un error es todo lo que [duelist_1.GetSheHe] necesita...;;;;;;;;;x
EVTOPTADUEL3TRIALBYCOMBAT;[Root.Religion.GetHighGodNameCap] will guide me...;[Root.Religion.GetHighGodNameCap] me guidera(ont)...;;;[Root.Religion.GetHighGodNameCap] me guiará...;;;;;;;;;x
EVTOPTADUEL3WOUNDED;This flesh wound will not stop me...;Cette blessure ne m'arrêtera pas…;;;Esta herida superficial no me detendrá...;;;;;;;;;x
EVTOPTADUEL3MAIMED;Even with my injury my strike shall be quick...;Même avec cette blessure, mon frappe sera mortelle… ;;;Incluso con mi lesión mi ataque será rápido...;;;;;;;;;x
EVTOPTADUEL3WOUNDEDOPP;I will aim for [duelist_1.GetHerHis] wound...;Je vais frapper sa blessure… ;;;Apuntaré a su herida...;;;;;;;;;x
EVTOPTADUEL3YOUNGOPP;I cannot fail to miss against this [duelist_1.GetLadLass]...;Je ne peux perder face à ce(tte)...;;;No puedo perder contra este [FromFrom.GetLadLass]...;;;;;;;;;x
EVTOPTBDUEL3;[duelist_1.GetSheHeCap] is no match for my might...;[duelist_2.GetSheHeCap] ne vaut rien face à moi…;;;No es rival para mí...;;;;;;;;;x
EVTOPTBDUEL3TRIALBYCOMBAT;My faith in [Root.Religion.GetHighGodNameCap] gives me strength...;Ma foi en [Root.Religion.GetHighGodNameCap] me donne la force...;;;Mi fe en [Root.Religion.GetHighGodNameCap] me da fuerzas...;;;;;;;;;x
EVTOPTBDUEL3WOUNDED;No puny scratch will stop my might...;Ce n'est pas un(e) petit(e) malingre qui va me faire peur...;;;No es más que un enclenque...;;;;;;;;;x
EVTOPTBDUEL3MAIMED;I am stronger than this injury! [duelist_1.GetTitledFirstName] will suffer...;Je suis plus fort que cette blessure ! [duelist_2.GetTitledFirstName] va souffrir...;;;Soy más duro que esta lesión! [duelist_1.GetTitledFirstName] sufrirá...;;;;;;;;;x
EVTOPTBDUEL3WOUNDEDOPP;[duelist_1.GetHerHisCap] wound leaves him weak and pitiful...;Sa blessure le(a) rend faible et pitoyable…;;;Su herida le hace parecer débil y patético...;;;;;;;;;x
EVTOPTBDUEL3YOUNGOPP;This puny whelp of a [duelist_1.GetLadLass] is no match for me...;Ce microbe ne m'arrive pas à la cheville…;;;Este gusano no me llega ni a la altura de los zapatos…;;;;;;;;;x
EVTOPTCDUEL3;[duelist_1.GetSheHeCap]'ll not even manage to touch me...;[duelist_2.GetSheHeCap] n'arrivera même pas à me toucher…;;;[duelist_1.GetSheHeCap] ni siquiera logrará tocarme…;;;;;;;;;x
EVTOPTCDUEL3TRIALBYCOMBAT;My will is strong and [Root.Religion.GetHighGodNameCap] protects me...;Ma volonté est forte et [Root.Religion.GetHighGodNameCap] me protège(nt)...;;;Mi voluntad es fuerte y [Root.Religion.GetHighGodNameCap] me protege...;;;;;;;;;x
EVTOPTCDUEL3WOUNDED;Even with this flesh wound [duelist_1.GetSheHe] won't get me again...;Même avec cette blessure, [duelist_2.GetSheHe] ne m'aura pas une nouvelle fois...;;;Incluso con esta herida, [duelist_1.GetSheHe] no llegará otra vez...;;;;;;;;;x
EVTOPTCDUEL3MAIMED;My injury will not halt my strike...;Ma blessure ne va pas stopper ma frappe…;;;Mi lesión no detendrá mi ataque...;;;;;;;;;x
EVTOPTCDUEL3WOUNDEDOPP;With [duelist_1.GetHerHis] wound [duelist_1.GetSheHe]'ll be no match for me...;Avec sa blessure, [duelist_2.GetSheHe] ne vaut rien face à moi...;;;Con su herida, no tiene nada que hacer contra mí...;;;;;;;;;x
EVTOPTCDUEL3YOUNGOPP;I will barely be scratched by this young [duelist_1.GetLadLass]...;Ce(tte) [duelist_2.GetLadLass] va à peine m'égratigner...;;;Este [duelist_1.GetLadLass] apenas me rozará...;;;;;;;;;x
EVTDESCDUEL5;You see a weak spot, a vulnerability in [duel_round_loser.GetTitledFirstName]'s defense. It's not much, but it's all you need.;Vous apercevez un point faible, une vulnérabilité dans la garde de [duel_round_loser.GetTitledFirstName]. Ce n'est pas grand-chose, mais c'est tout ce dont vous avez besoin.;;;Ves una debilidad en la defensa de [duel_round_loser.GetTitledFirstName], una vulnerabilidad, no es mucho, pero es todo lo que necesitas.;;;;;;;;;x
EVTDESCDUEL5SKILL;Your experience in combat and prowess with your weapon allows you to spot an opening in [duel_round_loser.GetTitledFirstName]'s defense. It's not much, but it's all you need.;Votre expérience de combat vous permet de repérer une ouverture dans la garde de [duel_round_loser.GetTitledFirstName]. Ce n'est pas grand-chose, mais c'est tout ce dont vous avez besoin.;;;Tu experiencia en combate te permite divisar una brecha en la defensa de [duel_round_loser.GetTitledFirstName]. No es mucho, pero es todo lo que necesitas.;;;;;;;;;x
EVTDESCDUEL5SWORD;You parry [duel_round_loser.GetTitledFirstName] away with the pommel of you sword, allowing you to bring down [Root.GetValyrianSwordOwned] on an opening in [duel_round_loser.GetHerHis] defense.;Vous parez [duel_round_loser.GetTitledFirstName] avec le pommeau de votre épée ce qui vous permet de profiter d'une ouverture dans sa défense et d'abattre [Root.GetValyrianSwordOwned].;;;;;;;;;;;;x
EVTDESCDUEL5STRONG;[duel_round_loser.GetTitledFirstName] is overwhelmed by your immense strength as you strike [duel_round_loser.GetHerHim] with a body charge. [duel_round_loser.GetSheHeCap] is sent reeling which gives you an opening.;[duel_round_loser.GetTitledFirstName] est complètement destabilisé par votre immense force lorsque vous le(a) chargez avec violence. [duel_round_loser.GetSheHeCap] chancelle ce qui vous donne une ouverture.;;;[duel_round_loser.GetTitledFirstName] está abrumado por la inmensa potencia de tu carga corporal. Titubea un instante ofreciéndote una brecha.;;;;;;;;;x
EVTDESCDUEL5QUICK;The duel proceeds in what seems like slow motion to you, your mind working adeptly to anticipate [duel_round_loser.GetTitledFirstName]'s moves. After a deft parry, you spot an opportunity for yourself to strike.;Pour vous le duel semble lent, votre esprit parvient sans effort à anticiper les mouvements de [duel_round_loser.GetTitledFirstName]. Après une habile parade vous remarquez une opportunité de frapper.;;;El duelo sigue su curso, tu mente trabaja a toda prisa anticipando los movimientos de [duel_round_loser.GetTitledFirstName]. Tras un diestro bloqueo, observas una oportunidad para atacar.;;;;;;;;;x
EVTDESCDUEL5WROTH;You launch a frenzied and furious attack on [duel_round_loser.GetTitledFirstName], immediately setting [duel_round_loser.GetHerHim] on the back foot. [duel_round_loser.GetSheHeCap] appear panicked by this, allowing you an opening.;Vous lancez une attaque furieuse et frénétique contre [duel_round_loser.GetTitledFirstName], et [duel_round_loser.GetSheHe] se retrouve rapidement sur la défensive. [duel_round_loser.GetSheHeCap] semble paniqué par cette situation et vous laisse une opportunité.;;;Lanzas un ataque frenético contra [duel_round_loser.GetTitledFirstName], y consigues hacer que recule y de un paso atrás. El pánico aparece en su rostro durante un instante, dándote una oportunidad para atacar.;;;;;;;;;x
EVTDESCDUEL5PATIENT;You allow [duel_round_loser.GetTitledFirstName] to take the initiative, patiently holding your ground while parrying [duel_round_loser.GetHerHis] strikes. You wait until [duel_round_loser.GetSheHe] seems tired, leaving a hole in [duel_round_loser.GetHerHis] defense.;Vous laissez [duel_round_loser.GetTitledFirstName] prendre l'initiative, attendant patiemment tout en parant ses coups. Vous attendez jusqu'à ce qu'[duel_round_loser.GetSheHe] montre les premiers signes de fatigue et vous laisse une ouverture.;;;Permites a [duel_round_loser.GetTitledFirstName] tomar la iniciativa, pacientemente mantienes tu terreno mientras bloqueas sus ataques. Esperas hasta que parece cansado, dejando al descubierto una brecha en su defensa.;;;;;;;;;x
EVTDESCDUEL5DECEITFUL;[duel_round_loser.GetTitledFirstName] comes at you honourably, but you use every dirty trick to try and take advantage. You attempt sly kicks and cunning trips, until you see an opportunity to strike.;[duel_round_loser.GetTitledFirstName] est venu vous affronter de manière honorable, mais vous utilisez tous les coups les plus tordus pour prendre l'avantage. Vous vous esquivez et donnez des coups de pieds aux endroits les plus sensibles jusqu'au moment où vous repérez une opportunité de frapper.;;;[duel_round_loser.GetTitledFirstName] pelea contra ti honorablemente, pero tu utilizas artimañas para tomar ventaja. Intentas pícaras patadas y zancadillas, hasta que ves una oportunidad para atacar.;;;;;;;;;x
EVTDESCDUEL5TALL;You use great range with your sword to great effect, [duel_round_loser.GetTitledFirstName] cannot get close enough to strike. Eventually you see a weak spot, and bring your weapon down from great height upon [duel_round_loser.GetHerHim]. ;Vous utilisez de manirèe efficace votre formidable allonge, [duel_round_loser.GetTitledFirstName] ne parvient pas s'approcher suffisament pour frapper. Vous finissez par repérez une faiblesse ce qui vous permet d'abattre votre grande arme sur votre adversaire.;;;Utilizas el gran alcance de tu espada con gran efectividad, [duel_round_loser.GetTitledFirstName] no logra acercarse lo suficiente para atacar. Finalmente, detectas un punto débil y deslizas tu arma hacia bajo desde gran altura con todas tus fuerzas...;;;;;;;;;x
EVTDESCDUEL5RHLLOR;As you are locked in combat with [duel_round_loser.GetTitledFirstName] you feel as though the Lord of Light is guiding your every move. [duel_round_loser.GetSheHeCap] cant seem to get close, and eventually you spot a weaknes in [duel_round_loser.GetHerHis] defense.;Alors que vous êtes en plein combat contre [duel_round_loser.GetTitledFirstName] vous sentez que le Maître de la Lumière vous guide dans chacun de vos mouvements. [duel_round_loser.GetSheHeCap] ne semble pas pouvoir vous suivre et vous finissez par repérer une faiblesse dans sa défense.;;;Cuando te quedas bloqueado luchando con [duel_round_loser.GetTitledFirstName] notas como el Señor de la Luz te guía en cada movimiento. Lo notas muy cerca, y de repente observas una brecha en sus defensas.;;;;;;;;;x
EVTOPTADUEL5;Strike!;Frapper !;;;Ataca!;;;;;;;;;x
EVTOPTADUEL5A;I quickly avoided [duel_round_loser.GetHerHis] forceful attacks!;J’ai rapidement évité ses attaques frénétiques !;;;;;;;;;;;;x
EVTOPTADUEL5B;I forcefully overwhelmed [duel_round_loser.GetHerHis] defensive stance!;J’ai réussi à forcer sa défense !;;;;;;;;;;;;x
EVTOPTADUEL5C;I defensively evaded [duel_round_loser.GetHerHis] quick strikes!;J’ai pu éviter ses coups rapides !;;;;;;;;;;;;x
EVTTOOLTIPDUEL6;tries to defend [This.GetHerHim]self!;essaye de se défendre;;;Intenta defenderse;;;;;;;;;x
EVTDESCDUEL6;As you and [duel_round_winner.GetTitledFirstName] engage, you slip up and leave an opening in your defense. [duel_round_winner.GetTitledFirstName] strikes to try and take advantage.;Alors que vous engagez le combat avec [duel_round_winner.GetTitledFirstName], vous glissez et donnez une ouverture à votre adversaire. [duel_round_winner.GetTitledFirstName] frappe pour prendre l'avantage.;;;Mientras  [duel_round_winner.GetTitledFirstName] ataca, tu resbalas y le brindas una brecha en tu defensa. [duel_round_winner.GetTitledFirstName] ataca intentando aprovechar la situación.;;;;;;;;;x
EVTDESCDUEL6SKILL;As you and [duel_round_winner.GetTitledFirstName] engage, you slip up and leave an opening in your defense. A skilled warrior like [duel_round_winner.GetTitledFirstName] needs no invitation to strike.;Alors que vous engagez le combat avec [duel_round_winner.GetTitledFirstName], vous glissez et donnez une ouverture à votre adversaire. Un guerrier talentueux comme [duel_round_winner.GetTitledFirstName] n'a pas besoin d'invitation pour frapper. ;;;Mientras [[duel_round_winner.GetTitledFirstName] ataca, tu resbalas y le brindas una brecha en tu defensa. Un guerrero experto como [duel_round_winner.GetTitledFirstName] no necesita invitación para atacar.;;;;;;;;;x
EVTDESCDUEL6SWORD;[duel_round_winner.GetTitledFirstName] parries away one of your blows with the pommel of [duel_round_winner.GetHerHis] sword, allowing [duel_round_winner.GetHerHim] to bring down [duel_round_winner.GetValyrianSwordHerHis] on an opening in your defense.;[duel_round_winner.GetTitledFirstName] pare l'un de vos coups avec le pommeau de son épée ce qui lui permet de profiter d'une ouverture dans votre défense et d'abattre [duel_round_winner.GetValyrianSwordHerHis].;;;;;;;;;;;;x
EVTDESCDUEL6STRONG;You are overwhelmed by [duel_round_winner.GetTitledFirstName]'s immense strength as [duel_round_winner.GetSheHe] strikes you with a body charge. You are sent reeling which gives [duel_round_winner.GetHerHim] an opening.;Vous êtes complètement destabilisé par l'immense force de [duel_round_winner.GetTitledFirstName] lorsqu'[duel_round_winner.GetSheHe] vous charge avec violence. Vous chancellez, donnant ainsi une ouverture à votre adversaire.;;;Quedas abrumado por la inmensa potencia de la carga de [duel_round_winner.GetTitledFirstName]. Titubeas un instante ofreciéndole una brecha.;;;;;;;;;x
EVTDESCDUEL6QUICK;[duel_round_winner.GetTitledFirstName] seems to anticipate your every move, deftly parrying every strike. [duel_round_winner.GetSheHeCap] then quickly sees an opening in your defense and proceeds to strike.;[duel_round_winner.GetTitledFirstName] semble anticiper chacun de vos mouvement. [duel_round_winner.GetSheHeCap] pare chacun de vos coups jusqu'à ce qu'[duel_round_winner.GetSheHe] repére une ouverture et contre-attaque rapidement.;;;[duel_round_winner.GetTitledFirstName] parece anticiparse a cada movimiento, esquivando diestramente todos los ataques. De repente, ve una brecha en tus defensas y procede a atacar.;;;;;;;;;x
EVTDESCDUEL6WROTH;Before you have a chance to spot an opening, [duel_round_winner.GetTitledFirstName] launches a furious, frenzied attack! You panic and are immediately set on the back foot.;Sans vous avoir laissé le temps de trouver une ouverture, [duel_round_winner.GetTitledFirstName] lance une attaque furieuse, frénétique ! Vous paniquez et vous retrouvez sur la défensive.;;;Antes de que puedas atacar, [duel_round_winner.GetTitledFirstName] lanza un fiero y frenético ataque. Entras en pánico y te pones a la defensiva.;;;;;;;;;x
EVTDESCDUEL6PATIENT;[duel_round_winner.GetTitledFirstName] allows you to take the initiative, patiently holding [duel_round_winner.GetHerHis] ground while parrying your strikes. You grow tired duel_round_winner this, leaving a hole in your defense. This is when [duel_round_winner.GetSheHe] strikes.;[duel_round_winner.GetTitledFirstName] vous laisse prendre l'initiative, attendant patiemment tout en parant vos coups. Vous commencez à fatiguer, et c'est à ce moment que vous laissez passer une ouverture.;;;[duel_round_winner.GetTitledFirstName] te permite tomar la iniciativa, manteniendo pacientemente su terreno mientras bloquea tus golpes. Te vas cansando poco a poco, dejando una brecha en tu defensa...que es cuando él te ataca.;;;;;;;;;x
EVTDESCDUEL6DECEITFUL;You go at [duel_round_winner.GetTitledFirstName] honourably, but [duel_round_winner.GetSheHe] uses every dirty trick to try and take advantage. [duel_round_winner.GetSheHeCap] attempts sly kicks and cunning trips, until [duel_round_winner.GetSheHe] sees an opportunity to strike.;Vous êtes venu affronter honorablement [duel_round_winner.GetTitledFirstName], mais ce dernier utilise tous les coups les plus tordus pour prendre l'avantage. [duel_round_winner.GetSheHeCap] s'esquive lâchement et donne des coups de pieds aux endroits les plus sensibles jusqu'au moment où [duel_round_winner.GetSheHe] repére une opportunité de frapper.;;;Luchas contra [duel_round_winner.GetTitledFirstName] honorablemente, pero él utiliza artimañas para tomar ventaja. Intenta pícaras patadas y zancadillas, hasta que ve una oportunidad para atacar.;;;;;;;;;x
EVTDESCDUEL6TALL; [duel_round_winner.GetTitledFirstName] uses [duel_round_winner.GetHerHis] great range with [duel_round_winner.GetHerHis] sword to good effect, you cannot get close enough to strike. Eventually [duel_round_winner.GetSheHe] sees a weak spot, and brings [duel_round_winner.GetHerHis] weapon down duel_round_winner great height upon you. ;[duel_round_winner.GetTitledFirstName] utilise de manirèe efficace sa formidable allonge, vous ne parvenez pas à vous approcher suffisament pour frapper. [duel_round_winner.GetSheHeCap] finit par repérer une faiblesse ce qui lui permet d'abattre sa grande arme sur vous.;;;[duel_round_winner.GetTitledFirstName] utiliza el gran alcance de su espada con gran efectividad, no logras acercarte lo suficiente para atacar. Finalmente, detecta un punto débil, y desliza su arma desde gran altura con todas sus fuerzas...;;;;;;;;;x
EVTDESCDUEL6RHLLOR;As you are locked in combat with [duel_round_winner.GetTitledFirstName] you feel as though [Root.Religion.GetHighGodName] themself are defending [duel_round_winner.GetHerHim]. You cannot get close, [duel_round_winner.GetSheHe] blocks your every move until [duel_round_winner.GetSheHe] strikes through your defense.;Alors que vous êtes en plein combat contre [duel_round_winner.GetTitledFirstName] vous avez l'impression que [Root.Religion.GetHighGodName] lui-même prend sa défense. Vous n'arrivez pas à le suivre et [duel_round_winner.GetSheHe] pare chacun de vos coups avant de finir par repérer une faiblesse dans votre défense.;;;Cuando te quedas bloqueado luchando con [duel_round_winner.GetTitledFirstName] notas como [Root.Religion.GetHighGodName] le defiende. Bloquea todos tus movimientos hasta que logra atacarte a través de tus defensas.;;;;;;;;;x
EVTOPTADUEL6;Defend yourself!;Vous défendre !;;;Defiéndete!;;;;;;;;;x
EVTOPTADUEL6A;[duel_round_winner.GetSheHeCap] quickly countered my forceful attacks!;[duel_round_winner.GetSheHeCap] a rapidement contré mes attaques frénétiques !;;;¡Defiendete!;;;;;;;;;x
EVTOPTADUEL6B;[duel_round_winner.GetSheHeCap] forcefully overwhelmed my defensive stance!;[duel_round_winner.GetSheHeCap] est allé au-delà de ma posture défensive !;;;¡Defiendete!;;;;;;;;;x
EVTOPTADUEL6C;[duel_round_winner.GetSheHeCap] defensively evaded my quick attacks!;[duel_round_winner.GetSheHeCap] a évité mes attaques rapides !;;;¡Defiendete!;;;;;;;;;x
EVTDESCDUEL105;You easily break through [duel_round_loser.GetTitledFirstName]'s guard and knock [duel_round_loser.GetHerHim] to the ground. [duel_round_loser.GetSheHeCap] lies sprawled at your feet, completely at your mercy.;Vous brisez facilement la garde de [duel_round_loser.GetTitledFirstName] et le mettez à terre. [duel_round_loser.GetSheHeCap] est à vos pieds, complètement à votre merci.;;;Rompes fácilmente la guardia de [duel_round_loser.GetTitledFirstName] que cae al suelo, Está a tus pies y completamente a tu merced.;;;;;;;;;x
EVTOPTADUEL105;It's all over now!;Tout est fini maintenant !;;;Todo ha terminado!;;;;;;;;;x
EVTTOOLTIPDUEL106;reacts;réagit;;;reacciona;;;;;;;;;x
EVTDESCDUEL106;[duel_round_winner.GetTitledFirstName] overwhelms your defense and, with a mighty blow, sends you sprawling to the ground. You look up at [duel_round_winner.GetHerHim] towering above you, ready to deliver the finishing blow...;[duel_round_winner.GetTitledFirstName] déborde votre défense et, d'un coup puissant, vous projette à terre. Vous levez les yeux vers lui. Sa silhouette imposante se dresse au-dessus de vous, prête à vous donner le coup de grâce…;;;[duel_round_winner.GetTitledFirstName] con un poderoso golpe aplasta tu defensa, caes al suelo inmediatamente. Miras hacias arriba y lo ves a él, listo para dar el golpe final.;;;;;;;;;x
EVTOPTADUEL106;Yield! Yield!;Je me rends ! Je me rends !;;;Me rindo! Me rindo!;;;;;;;;;x
EVTOPTBDUEL106;I'm not finished yet!;Je n'ai pas encore dit mon dernier mot !;;;Esto no ha terminado todavía!;;;;;;;;;x
EVTOPTCDUEL106;What is dead may never die!;Ce qui est mort ne saurait mourir !;;;Lo que está muerto no puede morir!;;;;;;;;;x
EVTOPTDDUEL106;Unbowed! Unbent! UNBROKEN!;Insoumis ! Invaincus ! INTACTS !;;;Nunca Doblegado, Nunca Roto;;;;;;;;;x
EVTTOOLTIPDUEL107;considers your yield;tient compte de votre réddition;;;considera tu rendición;;;;;;;;;x
EVTDESCDUEL107;[duel_round_loser.GetTitledFirstName] drops [duel_round_loser.GetHerHis] weapon and throws up [duel_round_loser.GetHerHis] hands. 'Yield! I yield!';[duel_round_loser.GetTitledFirstName] lâche son arme et lève ses mains. 'Je me rends ! Je me rends !';;;[duel_round_loser.GetTitledFirstName] deja caer su arma y levanta las manos, ¡Me rindo! ¡Me rindo!;;;;;;;;;x
EVTOPTADUEL107;I accept. Back on your feet..;J'accepte. Relève-toi…;;;Acepto, que la vergüenza te siga hasta el lecho de muerte.;;;;;;;;;x
EVTOPTBDUEL107;No.;Non.;;;No.;;;;;;;;;x
EVTOPTCDUEL107;A Lannister always pays his debts.;Un Lannister paye toujours ses dettes.;;;Un Lannister siempre paga sus deudas.;;;;;;;;;x
EVTOPTBDUEL107B;No you [GetRootFromInsult]!;Sale [GetRootFromInsult]!;;;Tu no [GetRootFromInsult]!;;;;;;;;;x
EVTTOOLTIPDUEL108;is defeated.;est défait.;;;es derrotado.;;;;;;;;;x
EVTDESCDUEL108;[duel_round_winner.GetFirstName] lowers the point of [duel_round_winner.GetHerHis] weapon and extends a hand. 'I accept,' [duel_round_winner.GetSheHe] says, 'back on your feet.';[duel_round_winner.GetFirstName] abaisse son arme et tend sa main. 'J'accepte,' dit-[duel_round_winner.GetSheHe], 'relève-toi'.;;;[duel_round_winner.GetFirstName] envaina su espada y extiende su mano. 'Acepto, dijo, 'ponte en pie.';;;;;;;;;x
EVTOPTADUEL108;Your battle, fairly won.;Votre bataille, remportée honorablement.;;;Combate ganado honorablemente.;;;;;;;;;x
EVTTOOLTIPDUEL109;[duel_round_loser.GetTitledFirstName] is slain!\n;est tué !;;;[duel_round_loser.GetTitledFirstName] está muerto!\n;;;;;;;;;x
EVTDESCDUEL109;[duel_round_winner.GetFirstName] looks down at you without a hint of emotion on [duel_round_winner.GetHerHis] face.\n'No.'\nAll goes dark....;[duel_round_winner.GetFirstName] vous regarde de haut sans la moindre émotion sur son visage.\n'Non.'\nTout devient noir.;;;[duel_round_winner.GetFirstName] te mira sin ninguna expresión en su rostro.\n'No.'\nTodo se oscurece....;;;;;;;;;x
EVTOPTADUEL109;Aaargh!;Aaargh !;;;Aaargh!;;;;;;;;;x
EVTTOOLTIPDUEL110;You roll to dodge the final blow;Vous roulez pour éviter le coup de grâce. ;;;Ruedas para esquivar el golpe final;;;;;;;;;x
EVTDESCDUEL110;[duel_round_winner.GetTitledFirstName] strikes, but you roll to dodge just in time, taking no more than a flesh wound. You force yourself back to your feet and hold your weapon ready.;[duel_round_winner.GetTitledFirstName] frappe mais vous roulez juste à temps pour esquiver le coup et ne recevez qu'une très légère blessure. Vous vous relevez et empoignez votre arme avec force. ;;;[duel_round_winner.GetTitledFirstName] golpea, pero esquivas el golpe justo a tiempo, recibiendo nada más que una herida superficial. Recoges tu espada y empuñas la espada con fuerza.;;;;;;;;;x
EVTOPTADUEL110;You won't get another chance!;Tu n'auras pas de deuxième chance !;;;¡No tendrás otra oportunidad!;;;;;;;;;x
TOOLTIPLOSEEYE;You lose an eye!;Vous perdez un œil !;;;Pierdes un ojo!;;;;;;;;;x
EVTTOOLTIPDUEL111;reacts;réagit;;;reacciona;;;;;;;;;x
EVTDESCDUEL111;You strike, but [duel_round_loser.GetTitledFirstName] rolls to the side, wounded but still very much alive. [duel_round_loser.GetSheHeCap] rises to [duel_round_loser.GetHerHis] feet and readies [duel_round_loser.GetHerHis] weapon once again.;Vous frappez mais [duel_round_loser.GetTitledFirstName] roule sur le côté, certes blessé mais toujours bien vivant. [duel_round_loser.GetSheHeCap] se remet sur ses jambes et empoigne à nouveau son arme.;;;Golpeas, pero [duel_round_loser.GetTitledFirstName] rueda por el suelo, herido pero todavía con vida. Se levanta de nuevo cogiendo su espada, preparado otra vez para el combate.;;;;;;;;;x
EVTOPTADUEL111;Why won't you just DIE?!;Pourquoi ne veux-tu pas juste CREVER ?!;;;¡¿Por qué no mueres?!;;;;;;;;;x
EVTOPTADUEL111B;Why don't you just give up?!;Pourquoi n'abandonnes-tu pas ?;;;¡¿Por qué no te das por vencido?!;;;;;;;;;x
EVTDESCDUEL201;[duel_round_loser.GetTitledFirstName] tries to fight back, but you force your way through, easily overpowering [duel_round_loser.GetHerHis] pathetic defense. You strike for [duel_round_loser.GetHerHis] heart with all your might!;[duel_round_loser.GetTitledFirstName] tente de résister mais vous imposez votre rythme, débordant aisément sa pathétique défense. De toute vos forces, vous luttez pour avoir sa tête !;;;[duel_round_loser.GetTitledFirstName] intenta resistir pero le vas imponiendo tu ritmo, desbordando continuamente su patética defensa. Con todas tus fuerzas, luchas para cortarle la cabeza!;;;;;;;;;x
EVTDESCDUEL201B;[duel_round_loser.GetTitledFirstName] tries to fight back, but you force your way through, easily overpowering [duel_round_loser.GetHerHis] pathetic defense. You strike at [duel_round_loser.GetHerHim] with all your might, but despite the friendly nature of the duel you are too forceful, and fatally wound [duel_round_loser.GetHerHim].;;;;[duel_round_loser.GetTitledFirstName] intenta luchar otra vez, pero le vuelves a golpear con fuerza, facilmente aplastas su defensa. Le clavas la espada en su corazon con todas tus fuerzas.;;;;;;;;;x
EVTOPTADUEL201;DIE!;MEURS !;;;¡MUERE!;;;;;;;;;x
EVTOPTBDUEL201;OURS IS THE FURY!;NÔTRE EST LA FUREUR !;;;¡NUESTRA ES LA FURIA!;;;;;;;;;x
EVTOPTCDUEL201;FIRE AND BLOOD!;FEU ET SANG !;;;¡FUEGO Y SANGRE!;;;;;;;;;x
EVTOPTADUEL201B;[duel_round_loser.GetSheHeCap] knew the risks;[duel_round_loser.GetSheHeCap] connaissait les risques;;;[duel_round_loser.GetSheHeCap] conocía los riesgos;;;;;;;;;x
EVTTOOLTIPDUEL202;[duel_round_loser.GetTitledFirstName] is slain!\n;est tué!;;;[duel_round_loser.GetTitledFirstName] está muerto!\n;;;;;;;;;x
EVTDESCDUEL202;You try to hold [duel_round_winner.GetTitledFirstName] back, but [duel_round_winner.GetHerHis] onslaught is unstoppable! You only slip once, but once is all [duel_round_winner.GetSheHe] needs...;Vous essayez de repousser [duel_round_winner.GetTitledFirstName], mais son attaque est imparable ! Vous êtes déstabilisé l’espace d’une seconde, et il ne lui en faut pas plus… ;;;Intentas defenderte de [duel_round_winner.GetTitledFirstName] otra vez, pero su embestida es imparable. Sólo erras una vez, pero es todo lo que él necesita...;;;;;;;;;x
EVTDESCDUEL202B;You try to hold [duel_round_winner.GetTitledFirstName] back, but [duel_round_winner.GetHerHis] onslaught is unstoppable! You only slip once, but once is all [duel_round_winner.GetSheHe] needs to strike. [duel_round_winner.GetSheHeCap] is too forceful for you, and fatally wounds you accidentally.;;;;Intentas defenderte de [duel_round_winner.GetTitledFirstName] otra vez, pero su embestida es imparable. Sólo erras una vez, pero es todo lo que él necesita para golpear y herirte fatalmente.;;;;;;;;;x
EVTOPTADUEL202;Aaaaargh!;Aaaaargh !;;;¡Aaargh!;;;;;;;;;x
EVTOPTADUEL202B;This wasn't supposed to be to the death!;Cela n'était pas supposé être à mort !;;;Se suponía que no era a muerte!;;;;;;;;;x
EVTOPTBDUEL202;The Lord of Light watches over me!;Le Maître de la Lumière me protège !;;;El Señor de la Luz vela por mí!;;;;;;;;;x
EVTTOOLTIPDUEL204;The duel resumes\n;Le duel reprend\n;;;El duelo se reanuda\n;;;;;;;;;x
EVTDESCDUEL203;[duel_round_loser.GetTitledFirstName] crumples to the ground, lifeless. You wipe [duel_round_loser.GetHerHis] blood from your weapon. The deed is done. [duel_round_loser.GetSheHeCap] is dead.;[duel_round_loser.GetTitledFirstName] gît à terre, sans vie. Vous essuyez son sang de votre arme. C'est fait. [duel_round_loser.GetSheHeCap] est mort.;;;[duel_round_loser.GetTitledFirstName] yace en el suelo, sin vida. Limpias tu espada. Ya está hecho. Está muerto.;;;;;;;;;x
EVTOPTADUEL203;Valar morghulis.;Valar morghulis.;;;Valar morghulis.;;;;;;;;;x
EVTDESCDUEL204;[duel_round_loser.GetTitledFirstName] crumples to the ground, lifeless. You wipe [duel_round_loser.GetHerHis] blood from your weapon. [duel_round_loser.GetSheHeCap] is apparently dead, but then [duel_round_loser.GetSheHe] suddenly gasps for air, rising up from the ground still bearing what should be fatal injuries. [duel_round_loser.GetSheHeCap] claims the Lord of Light protects [duel_round_loser.GetHerHim].;[duel_round_loser.GetTitledFirstName] gît sur le sol, sans vie. Vous essuyez le sang qui sur votre arme. [duel_round_loser.GetSheHeCap] est apparemment mort... Mais tout à coup vous le(a) voyez se redresser, reprenant son souffle. [duel_round_loser.GetSheHeCap] est debout, sa blessure mortelle bien visible. [duel_round_loser.GetSheHeCap] dit que le Maître de la Lumière le(a) portège.;;;[duel_round_loser.GetTitledFirstName] yace en el suelo, sin vida. Limpias tu espada. Está aparentemente muerto, pero de repente jadea buscando aire, alzándose del suelo con lo que deberían ser heridas mortales. Afirma que el Señor de la Luz lo protege, y reanuda su ataque.;;;;;;;;;x
EVTOPTADUEL204;This is impossible!;C'est impossible !;;;Es imposible!;;;;;;;;;x
EVTTOOLTIPDUELOUTPUT1;is victorious!;est victorieux!;;;es el vencedor!;;;;;;;;;x
EVTDESCDUELOUTPUT1;The fight is over. [From.GetTitledFirstName] lies defeated. You have won!;Le combat est terminé. [From.GetTitledFirstName] est vaincu. Vous avez gagné !;;;El combate ha terminado. [From.GetTitledFirstName] cae derrotado. ¡Has ganado!;;;;;;;;;x
EVTOPTADUELOUTPUT1;Victory is mine!;La victoire est mienne !;;;¡La victoria es mía!;;;;;;;;;x
EVTDESCbattle.1;Fighting across the field, you see an enemy soldier cut off from the others. While you can't tell who, it's clear that they must be a highborn noble.;Alors que vous vous battez sur le champ de bataille, vous apercevez un soldat ennemi sortir des rangs. Si vous n'arrivez pas à voir de qui il s'agit, vous êtes par contre certain qu'il s'agit d'un noble de haute naissance.;;;Luchando en el campo de batalla, ves a un soldado enemigo distinguido de los demás. Si bien no sabes decir quien es, estás seguro que es un noble de alta cuna.;;;;;;;;;x
EVTOPTAbattle.1;Charge!;Charger !;;;Carga!;;;;;;;;;x
EVTDESCbattle.2;You were seperated from your men in the chaos of battle, and now find yourself in the midst of war. As you scan the field and try to rejoin your forces, you see [From.GetTitledFirstName] break through the enemy ranks and charge you!;Dans le chaos des combats, vous avez été séparé de vos hommes et vous trouvez désormais en plein milieu de la bataille. Alors que vous tentez de rejoindre vos forces, vous apercevez [From.GetTitledFirstName] se frayer un chemin à travers les rangs ennemis avant de vous charger !;;;Te has separado de tus hombres en el caos de la batalla, y te encuentras en plena lucha. Miras a tu alrededor e intentas reorganizar tus fuerzas, ves a [From.GetTitledFirstName] romper las filas enemigas y cargar contra ti...;;;;;;;;;x
EVTOPTAbattle.2;Prepare to die, [From.GetOnlyDynastyName] scum!;Prépare-toi à mourir, pourriture de [From.GetOnlyDynastyName] !;;;¡Prepárate a morir, escoria [From.GetOnlyDynastyName]!;;;;;;;;;x
EVTOPTBbattle.2;I need to get out of here!;Je dois foutre le camp d'ici !;;;¡Tengo que salir de aquí!;;;;;;;;;x
EVTOPTCbattle.2;Get back, [Root.PrimaryTitle.GetFOA]! I'll handle this!;[This.GetTitledFirstName], occupe-toi de [From.GetHerHim] !;;;¡Regresad, [Root.PrimaryTitle.GetFOA]! ¡Yo me encargo de esto!;;;;;;;;;x
EVTTOOLTIPbattle.3;reacts;réagit;;;reacciona;;;;;;;;;x
EVTDESCbattle.3;Fighting across the field, you see an enemy soldier cut off from the others. As you get closer, you realize the enemy soldier is [From.GetTitledFirstNameWithDynasty].;Alors que vous vous battez sur le champ de bataille, vous remarquez un soldat dans les rangs ennemis. En vous rapprochant, vous réalisez que le soldat ennemi n'est autre que [From.GetTitledFirstNameWithDynasty].;;;A medida que se acerca, te das cuenta de que el soldado enemigo es [From.GetTitledFirstName].;;;;;;;;;x
EVTOPTAbattle.3;Prepare to die, [From.GetOnlyDynastyName] scum!;Prépare-toi à mourir, pourriture de [From.GetOnlyDynastyName] !;;;¡Prepárate a morir, escoria [From.GetOnlyDynastyName]!;;;;;;;;;x
EVTOPTBbattle.3;I need to get out of here!;Je dois foutre le camp d'ici !;;;¡Tengo que salir de aquí!;;;;;;;;;x
EVTOPTCbattle.3;Get back, [Root.PrimaryTitle.GetFOA]! I'll handle this!;Reculez, [Root.PrimaryTitle.GetFOA] ! Je m’en charge !;;;¡Regresad, [Root.PrimaryTitle.GetFOA]! ¡Yo me encargo de esto!;;;;;;;;;x
EVTDESCbattle.4;Fighting across the field, you see an enemy soldier cut off from the others. As you get closer, you realize the enemy soldier is [From.GetTitledFirstNameWithDynasty]. Seeing you charge across the field toward [From.GetHerHim], [From.GetSheHe] turns and flees. You pursue, but lose track of [From.GetHerHim] in the chaos.;Alors que vous vous battez sur le champ de bataille, vous remarquez un soldat dans les rangs ennemis. En vous rapprochant, vous réalisez que le soldat est ennemi n'est autre que [From.GetTitledFirstName]. Remarquant votre charge à travers le champs de bataille pour l'affronter, [From.GetSheHe] se retourne et fuit. Vous le(a) poursuivez, mais perdez sa trace dans le chaos des combats. ;;;A medida que se acerca, te das cuenta de que el soldado enemigo es [From.GetTitledFirstName]. Al verte ir hacia él a través del campo de batalla, se da la vuelta y huye. Le persigues, pero le pierdes en el caos de la batalla.;;;;;;;;;x
EVTOPTAbattle.4;That's right, coward, run back to [From.Capital.GetName]!;C'est ça, couard, retourne à [From.Capital.GetName] !;;;¡Eso es, cobarde, vuelve con el rabo entre las piernas a [From.Capital.GetName]!;;;;;;;;;x
EVTDESCbattle.5;You turn to face [From.GetTitle] [From.GetFirstName]... and [From.GetSheHe] breaks [From.GetHerHis] charge and flees. You pursue, but lose track of [From.GetHerHim] in the chaos.;Vous vous retournez pour faire face à [From.GetTitle] [From.GetFirstName] lorsqu'… [From.GetSheHe] stoppe sa charge et s'enfuit. Vous le(a) poursuivez, mais perdez sa trace dans le chaos des combats.;;;Te giras para enfrentarte a [From.GetTitle] [From.GetFirstName] pero detiene su carga y huye. Le persigues, pero le pierdes en el caos de la batalla.;;;;;;;;;x
EVTOPTAbattle.5;That's right, coward, run back to [From.Capital.GetName]!;C'est ça, couard, retourne à [From.Capital.GetName] !;;;¡Eso es, cobarde,vuelve con el rabo entre las piernas a [From.Capital.GetName]!;;;;;;;;;x
EVTTOOLTIPbattle.6;will fight [From.GetTitledFirstName];va affronter [From.GetTitledFirstName];;;se enfrentará a [From.GetTitledFirstNameWithDynastyAndTitleNoRegnal];;;;;;;;;x
EVTDESCbattle.7;Fighting across the field, you see an enemy soldier cut off from the others. As you get closer, you realize the enemy soldier is [FromFrom.GetTitle] [FromFrom.GetFirstName] [FromFrom.GetHerHim]self! Before you can close ranks, however, [From.GetTitledFirstName] leaps into your path, sword at the ready. 'Get back to our line, [FromFrom.PrimaryTitle.GetFOA]!' [From.GetSheHe] shouts, 'I'll handle this!';Alors que vous vous battez sur le champ de bataille, vous remarquez un soldat dans les rangs ennemis. En vous rapprochant, vous réalisez qu'il s'agit de [FromFrom.GetTitle] [FromFrom.GetFirstName] en personne ! Mais alors que vous tentez de lui courir sus, [From.GetTitledFirstName] vient vous barrer le chemin. 'Retournez dans nos rangs [FromFrom.PrimaryTitle.GetFOA]' dit-[From.GetSheHe], 'je vais m'en charger !';;;A medida que se acerca, te das cuenta de que el soldado enemigo es [FromFrom.GetTitle] [FromFrom.GetFirstName]. Cuando vas a atacarle, aparece [From.GetTitledFirstNameWithDynastyAndTitleNoRegnal], con la espada en ristre. 'Regresad a nuestra línea, [FromFrom.PrimaryTitle.GetFOA]!' , '¡Yo me encargaré de esto!';;;;;;;;;x
EVTOPTAbattle.7;You think that white cloak will save you?;Tu penses qu'un manteau blanc va te sauver ?;;;¿Crees qué ese capa blanca te salvará?;;;;;;;;;x
EVTOPTBbattle.7;Fighting a trained bodyguard wasn't part of the plan.;Affronter un garde entrainé ne faisait pas parti du plan.;;;Luchar contra la Guardia Real no era parte del plan.;;;;;;;;;x
EVTOPTCbattle.7;Fine, you shall die as well!;;;;Bien, vas a morir también!;;;;;;;;;x
EVTOPTDbattle.7;So be it, I will slay this [GetRootFromInsult]!;;;;;;;;;;;;;
EVTDESCbattle.8;The mere sight of [FromFrom.GetTitledFirstName] is enough to make [From.GetTitle] [From.GetFirstName] turn and run with [From.GetHerHis] tail between [From.GetHerHis] legs.;La simple vue de [FromFrom.GetTitledFirstName] suffit à faire se détourner [From.GetTitle] [From.GetFirstName], qui détale la queue entre les jambes. ;;;La mera visión de [FromFrom.GetTitledFirstName] es suficiente para hacer que [From.GetTitle] [From.GetFirstName] de la vuelta y huya con el rabo entre sus piernas.;;;;;;;;;x
EVTOPTAbattle.8;That's right, coward, run back to [From.Capital.GetName]!;C'est ça, couard, retourne à [From.Capital.GetName] !;;;¡Eso es, cobarde, vuelve con el rabo entre las piernas a [From.Capital.GetName]!;;;;;;;;;x
EVTTOOLTIPbattle.9;will fight [From.GetTitledFirstName];va affronter [From.GetTitledFirstName];;;se enfrentará a [From.GetTitledFirstName];;;;;;;;;x
EVTDESCbattle.10;[FromFrom.GetTitle] [FromFrom.GetFirstName] suddenly halts [FromFrom.GetHerHis] charge, and you are left to wonder why for but a moment, when [From.GetTitledFirstName] sweeps in from behind [FromFrom.GetHerHim]. 'Get back to our line, [FromFrom.PrimaryTitle.GetFOA]!' [From.GetSheHe] shouts, 'I'll handle this!';[FromFrom.GetTitle] [FromFrom.GetFirstName] arrête soudainement sa charge et vous vous demandez pourquoi, jusqu'à ce que vous aperceviez [From.GetTitledFirstName] s'avancer rapidement dans sa direction. 'Rentrez dans nos rangs, [FromFrom.PrimaryTitle.GetFOA] !' dit-[From.GetSheHe], 'Je vais m'en occuper !';;;[FromFrom.GetTitle] [FromFrom.GetFirstName] de repente detiene su carga, cuando oyes gritar a [From.GetTitledFirstName]: 'Regresad a nuestra línea, [FromFrom.PrimaryTitle.GetFOA]!'. '¡Yo me encargaré de esto!';;;;;;;;;x
EVTOPTAbattle.10;You think that white cloak will save you?;Tu pense qu'un manteau blanc va te sauver ?;;;¿Crees qué ese capa blanca te salvará?;;;;;;;;;x
EVTOPTBbattle.10;Fighting the Kingsguard wasn't part of the plan.;Affronter la Garde Royale ne faisait pas parti du plan.;;;Luchar contra la Guardia Real no era parte del plan.;;;;;;;;;x
EVTTOOLTIPbattle.11;[From.GetTitledFirstName]'s death demoralizes the enemy!;La mort de [From.GetTitledFirstName] démoralise les ennemis !;;;La muerte de [From.GetTitledFirstName] desmoralizará a nuestros enemigos!;;;;;;;;;x
EVTDESCbattle.11;As [FromFrom.GetTitledFirstName] falls before you, [FromFrom.GetHerHis] soldiers look on and begin to lose hope.;Alors que vous venez de défaire [FromFrom.GetTitledFirstName], ses soldats commencent à douter et à perdre espoir.;;;[FromFrom.GetTitledFirstName] cayó en la batalla, sus hombres empiezan a dudar y a perder la esperanza.;;;;;;;;;x
EVTOPTAbattle.11;Now's our chance!;C'est notre chance !;;;¡Ahora es nuestra oportunidad!;;;;;;;;;x
EVTTOOLTIPbattle.12;You take [From.GetTitledFirstName] prisoner.;Vous faites [From.GetTitledFirstName] prisonnier.;;;Haces a [From.GetTitledFirstName] prisionero.;;;;;;;;;x
EVTDESCbattle.12;[FromFrom.GetTitledFirstName] lies helpless at your feet, [FromFrom.GetHerHis] weapon discarded and yours at [FromFrom.GetHerHis] throat.;[FromFrom.GetTitledFirstName] est étendu impuissant à vos pieds, son arme brisée et la vôtre à sa gorge. ;;;[FromFrom.GetTitledFirstName] yace impotente a tus pies, su arma está en el suelo y la tuya en su garganta.;;;;;;;;;x
EVTOPTAbattle.12;Come with me, and walk fast. It's a long way to [Root.Capital.GetName].;Venez avec moi, et marchez rapidement. Le chemin est long jusqu'à [Root.Capital.GetName].;;;Ven conmigo, y camina rápido. Es un largo camino hasta [Root.Capital.GetName].;;;;;;;;;x
EVTDESCbattle.13;You are defeated. [From.GetTitledFirstName] takes you prisoner.;Vous êtes défait. [From.GetTitledFirstName] vous garde prisonnier.;;;Caes derrotado. [From.GetTitledFirstName] te hace prisionero.;;;;;;;;;x
EVTOPTAbattle.13;I'll remember this, [From.GetOnlyDynastyName].;Je m'en souviendrai, [From.GetOnlyDynastyName].;;;Recordaré esto, [From.GetOnlyDynastyName].;;;;;;;;;x
EVTTOOLTIPbattle.14;has no escape now!;ne peut plus s'échapper désormais.;;;¡No escaparás ahora!;;;;;;;;;x
EVTDESCbattle.14;You look on in horror as [FromFrom.GetTitledFirstName] falls to [From.GetTitledFirstName], crumpling to the ground, [FromFrom.GetHerHis] cloak stained with blood. [From.GetTitle] [From.GetFirstName] slowly advances on you. 'It's over, [Root.PrimaryTitle.GetFOA],' [From.GetSheHe] says, 'this ends here.';Vous observez avec horreur [FromFrom.GetTitledFirstName] tomber face à [From.GetTitledFirstName]. Son corps gît à terre, son manteau blanc recouvert de sang. [From.GetTitle] [From.GetFirstName] se dirige calmement vers vous. 'C'est fini, [Root.PrimaryTitle.GetFOA],' dit-[From.GetSheHe], 'tout s'achève, ici et maintenant.';;;Observas con horror como [FromFrom.GetTitledFirstName] cae ante [From.GetTitledFirstName] yaciendo en el suelo con la capa blanca llena de sangre. [From.GetTitle] [From.GetFirstName] se acerca. 'Se acabó, [Root.PrimaryTitle.GetFOA],' dice, 'todo termina aquí y ahora.';;;;;;;;;x
EVTOPTAbattle.14;I've no time left to run!;Je ne peux plus fuir.;;;¡No puedo escapar!;;;;;;;;;x
EVTTOOLTIPbattle.15;charges!;Charger !;;;¡Carga!;;;;;;;;;x
EVTDESCbattle.15;You kick the bloodstained cloak free of your feet and advance slowly on [From.GetTitledFirstName]. You've split [From.GetHerHim] from [From.GetHerHis] army and killed [From.GetHerHis] sworn sword. There's no where left for [From.GetHerHim] to run.;Vous repoussez du pied le manteau blanc gisant devant vous, puis marchez lentement vers [From.GetTitledFirstName]. Son armée est occupée ou dispersée. Quant à ses chevaliers, vous les avez tués. Il n'a nulle part où fuir désormais.;;;"Pisoteas la capa blanca llena de sangre con tus botas y te acercas a [From.GetTitledFirstName], ""Estás separado de tu ejército y he acabado con tu espada juramentada. No tienes lugar donde huir.""";;;;;;;;;x
EVTOPTAbattle.15;It's over, [From.PrimaryTitle.GetFOA]. This ends here.;C'est fini, [From.PrimaryTitle.GetFOA]. Tout s'achève, ici et maintenant. ;;;Se acabó, [From.PrimaryTitle.GetFOA]. Todo se acaba, aquí y ahora.;;;;;;;;;x
EVTDESCbattle.16;The battle is over in less than a minute. [FromFrom.GetTitledFirstName] sinks to the ground, and [From.GetTitledFirstName] wipes the blood from [From.GetHerHis] sword. 'It's done, [Root.PrimaryTitle.GetFOA],' [From.GetSheHe] says, '[FromFrom.GetSheHe]'ll trouble us no more.';Le combat n'a pas duré plus d'une minute. [FromFrom.GetTitledFirstName] s'effondre à terre, et [From.GetTitledFirstName] lave le sang de son épée. 'C'est fait, [Root.PrimaryTitle.GetFOA],' dit-[From.GetSheHe], '[FromFrom.GetSheHe] ne nous dérangera plus.';;;El combate termina en menos de un minuto. [FromFrom.GetTitledFirstName] yace en el suelo, y [From.GetTitledFirstName] limpia de sangre su espada. 'Está hecho, [Root.PrimaryTitle.GetFOA],' dice 'Ya no os molestará más.';;;;;;;;;x
EVTOPTAbattle.16;Well done, [From.GetTitledFirstName].;Bien joué, [From.GetTitledFirstName].;;;Bien hecho, [From.GetTitledFirstName].;;;;;;;;;x
EVTDESCbattle.17;The battle is over in less than a minute. [From.GetTitledFirstName] knocks [FromFrom.GetTitledFirstName] to the ground and kicks away [FromFrom.GetHerHis] weapon, leaving [FromFrom.GetHerHim] defenseless. 'I yield! I yield!';Le combat n'a pas duré plus d'une minute. [From.GetTitledFirstName] envoie [FromFrom.GetTitledFirstName] à terre et éloigne son épée d'un coup de pied, le laissant sans défense. 'Je me rends ! Je me rends !';;;El combate termina en menos de un minuto. [From.GetTitledFirstName] tira a [FromFrom.GetTitledFirstName] al suelo y le apunta con su espada, dejándole indefenso. '¡Me rindo! ¡Me rindo!';;;;;;;;;x
EVTOPTAbattle.17;Tie this one up, [From.GetOnlyDynastyName]. We're bring [FromFrom.GetHerHim] home with us.;Attachez celui-ci, [From.GetOnlyDynastyName]. Nous le ramenons avec nous à la maison. ;;;Levantaos, [From.GetOnlyDynastyName]. Nos lo traemos con nosotros a casa.;;;;;;;;;x
battlefield_fight;Challenged to a battlefield duel;Provoqué en duel sur le champs de bataille.;Challenged to a battlefield duel;;Desafiado a un duelo en el campo de batalla.;;;;;;;;;x
EVTDESCDUEL10700;We have tidings from [From.Location.GetName] where [From.GetTitledFirstName] and [FromFrom.GetTitledFirstName] met as enemies in a duel. They fought eachother fiercely, but [From.GetTitledFirstName] prevailed in the end, forcing [FromFrom.GetTitledFirstName] to yield and handing [FromFrom.GetHerHim] over to you as a prisoner.;Nous avons des nouvelles en provenance de [From.Location.GetName] où [From.GetTitledFirstName] et [FromFrom.GetTitledFirstName] se sont affrontés lors d'un duel. Ils se sont battus férocement, mais au bout du compte c'est [From.GetTitledFirstName] qui a prévalu, forçant [FromFrom.GetTitledFirstName] à se rendre. [FromFrom.GetSheHe] est désormais votre prisonnier(e).;;;Tenemos noticias de [From.Location.GetName] donde [From.GetTitledFirstName] y [FromFrom.GetTitledFirstName] se enfrentaron en un duelo. Lucharon encarnizadamente y [From.GetTitledFirstName] venció, convirtiendo a [FromFrom.GetTitledFirstName] en su prisionero.;;;;;;;;;x

# namespace = duelengine
EVTDESC_DUELENGINE_0;Across the field of battle you have spotted an enemy worth facing.;;;;;;;;;;;;;x
EVTOPT_DUELENGINE_0A;Who shall I fight today?;;;;;;;;;;;;;x
EVTDESC_DUELENGINE_1;As you draw closer you see your enemy is [From.GetTitledName]. Shall you engage [From.GetHerHim]?;;;;;;;;;;;;;x
EVTOPT_DUELENGINE_1A;I shall defeat [From.GetHerHim]!;;;;;;;;;;;;;x
DUELENGINE_TOOLTIP_1A;The enemy reacts!;;;;;;;;;;;;;x
EVTOPT_DUELENGINE_1B;Discretion is the better part of valour!;;;;;;;;;;;;;x
# tactics for next round
EVTDESC_DUELENGINE_4;The battle is not yet won... Your enemy did [From.GetHerHis] move and you may and assess combat situation and choose a proper respond:;;;;;;;;;;;;;x
EVTOPT_DUELENGINE_4A;Continue Combat;;;;;;;;;;;;;x
EVTOPT_DUELENGINE_4B;Cast Spell;;;;;;;;;;;;;x
EVTOPT_DUELENGINE_4C;Counterspell or Channel Magic Power;;;;;;;;;;;;;x
EVTOPT_DUELENGINE_4D;Continue Combat;;;;;;;;;;;;;x
EVTOPT_DUELENGINE_4E;Try to escape!;;;;;;;;;;;;;x
EVTOPT_DUELENGINE_4F;I cannot move!;;;;;;;;;;;;;x
#
EVTDESC_DUELENGINE_5;[From.GetTitledFirstName] managed to escape the battlefield, shaming [From.GetHerHim]self forever!;;;;;;;;;;;;;x
EVTOPT_DUELENGINE_5A;The coward has escaped... for now.;;;;;;;;;;;;;x
EVTOPT_DUELENGINE_20A;Focus on defence. Let no attack through!;;;;;;;;;;;;;x
EVTOPT_DUELENGINE_20B;Focus on offence. Attack without restraint!;;;;;;;;;;;;;x
EVTOPT_DUELENGINE_20C;Balance your defence and offence. Overcompensation will lead to ruin!;;;;;;;;;;;;;x
# THOSE OPTIONS ARE FOR ALL EVENTS 20-23
EVTOPT_DUELENGINE_20D;Cast Offensive Spell;;;;;;;;;;;;;x
EVTOPT_DUELENGINE_20E;Cast Defensive Spell;;;;;;;;;;;;;x
EVTOPT_DUELENGINE_20F;Cast Buff Spell;;;;;;;;;;;;;x
EVTOPT_DUELENGINE_20G;Cast Lore Special Spell;;;;;;;;;;;;;x
EVTOPT_DUELENGINE_20H;Channel Magic Power;;;;;;;;;;;;;x
EVTOPT_DUELENGINE_20I;Perform Counterspell;;;;;;;;;;;;;x
EVTOPT_DUELENGINE_20J;Wait;;;;;;;;;;;;;x
#
EVTDESC_DUELENGINE_20;You decided to engage in physical combat. You will fight your enemy and hopefully injure him. What stance you prefer?;;;;;;;;;;;;;x
EVTDESC_DUELENGINE_21;You are preparing a spell - this time you won't fight your enemy in physical combat. What spell do you wish to cast?;;;;;;;;;;;;;x
EVTDESC_DUELENGINE_22;You decided to channel magical energies to regain power and be able to cast spells, however you will not deal any damage to enemy this round.;;;;;;;;;;;;;x
EVTDESC_DUELENGINE_23;Enemy immbilized you. You cannot do anything this round.;;;;;;;;;;;;;x
EVTDESC_DUELENGINE_50;Unable to continue, you succumb to your wounds...;;;;;;;;;;;;;x
EVTOPT_DUELENGINE_50A;Avenge me!;;;;;;;;;;;;;x
EVTDESC_DUELENGINE_51;You have won! The body of [From.GetTitledName] lies before you.;;;;;;;;;;;;;x
EVTOPT_DUELENGINE_51A;Hurray!;;;;;;;;;;;;;x
EVTDESC_DUELENGINE_52;You have lost the battle... Wounded and weak you managed to escape...;;;;;;;;;;;;;x
EVTOPT_DUELENGINE_52A;Run!;;;;;;;;;;;;;x
EVTDESC_DUELENGINE_53;You have won! However [From.GetTitledName] has managed to escape!;;;;;;;;;;;;;x
EVTOPT_DUELENGINE_53A;A coward through and through!;;;;;;;;;;;;;x
#
# DUEL TOOLTIPS TODO add character for colorful text here
TOOLTIP_attack_stance;Improves attack: 1+ Att, but lowers defence: -1 Def.;;;;;;;;;;;;;x
TOOLTIP_defence_stance;Lowers attack: -1 Att, but improves defence:+1 Def.;;;;;;;;;;;;;x
#
TOOLTIP_hysh_ds1;Burning Gaze - damages with: S=6, costs: 4 mp, may apply flare -1 Attk, -1 Def.;;;;;;;;;;;;;x
TOOLTIP_hysh_ds2;Body of Light - improves defence: +2 Def, costs: 3 mp.;;;;;;;;;;;;;x
TOOLTIP_hysh_ds3;Healing Energy - heals the character: +(1-3) hp, 4 mp .;;;;;;;;;;;;;x
TOOLTIP_hysh_ds4;Radiant Weapon - character weapon becomes blessed: +2 Att against chaos, 2 mp.;;;;;;;;;;;;;x
TOOLTIP_ice_ds1;Shardstorm - throwes a ice shards at enemy: S=7, 3 mp.;;;;;;;;;;;;;x
TOOLTIP_ice_ds2;Crystal Cloak - creates a mist of swirling ice around character: +1 Def, -1 Att/Def for enemy, costs 3 mp.;;;;;;;;;;;;;x
TOOLTIP_ice_ds3;Ice Sheet - covers the terrain with slippery ice. Disturbs enemy -1 Att/Def, enemy cannot escape, 2 mp;;;;;;;;;;;;;x
TOOLTIP_ice_ds4;Ice Maiden Kiss - damages S=8 and immobilizes the enemy for the next round 5 mp.;;;;;;;;;;;;;x
TOOLTIP_necromancy_ds1;Drain Life - damages S=6 and heals caster +1 hp, 4 mp.;;;;;;;;;;;;;x
TOOLTIP_necromancy_ds2;Hellish Vigour - heals character +1hp and improves defence +1 Def 3 mp.;;;;;;;;;;;;;x
TOOLTIP_necromancy_ds3;Hand of Dust - damages S = Att, and weaken the enemy -1 Att/Def 2 mp.;;;;;;;;;;;;;x
TOOLTIP_necromancy_ds4;Siphon Life - damages enemy S=6, heals +1hp or gives magic points +5mp, costs 4 mp.;;;;;;;;;;;;;x
#
TOOLTIP_magicpoints0;Your character has 0 magic points.;;;;;;;;;;;;;x
TOOLTIP_magicpoints1;Your character has 1 magic point.;;;;;;;;;;;;;x
TOOLTIP_magicpoints2;Your character has 2 magic points.;;;;;;;;;;;;;x
TOOLTIP_magicpoints3;Your character has 3 magic points.;;;;;;;;;;;;;x
TOOLTIP_magicpoints4;Your character has 4 magic points.;;;;;;;;;;;;;x
TOOLTIP_magicpoints5;Your character has 5 magic points.;;;;;;;;;;;;;x
TOOLTIP_magicpoints6;Your character has 6 magic points.;;;;;;;;;;;;;x
TOOLTIP_magicpoints7;Your character has 7 magic points.;;;;;;;;;;;;;x
TOOLTIP_magicpoints8;Your character has 8 magic points.;;;;;;;;;;;;;x
TOOLTIP_magicpoints9;Your character has 9 magic points.;;;;;;;;;;;;;x
TOOLTIP_magicpoints10;Your character has 10 magic points.;;;;;;;;;;;;;x
TOOLTIP_magicpointsMAX;Your character more than 10 magic points.;;;;;;;;;;;;;x
#
TOOLTIP_duelhp0;Your character has 0 hp points.;;;;;;;;;;;;;x
TOOLTIP_duelhp1;Your character has 1 hp points.;;;;;;;;;;;;;x
TOOLTIP_duelhp2;Your character has 2 hp points.;;;;;;;;;;;;;x
TOOLTIP_duelhp3;Your character has 3 hp points.;;;;;;;;;;;;;x
TOOLTIP_duelhp4;Your character has 4 hp points.;;;;;;;;;;;;;x
TOOLTIP_duelhp5;Your character has 5 hp points.;;;;;;;;;;;;;x
TOOLTIP_duelhp6;Your character has 6 hp points.;;;;;;;;;;;;;x
TOOLTIP_duelhp7;Your character has 7 hp points.;;;;;;;;;;;;;x
TOOLTIP_duelhp8;Your character has 8 hp points.;;;;;;;;;;;;;x
TOOLTIP_duelhp9;Your character has 9 hp points.;;;;;;;;;;;;;x
TOOLTIP_duelhp10;Your character has 10 hp points.;;;;;;;;;;;;;x
TOOLTIP_duelhpMAX;Your character has 11 hp points or more.;;;;;;;;;;;;;x
#
TOOLTIP_nodmg;Enemy did no damage.\n;;;;;;;;;;;;;x
TOOLTIP_minordmg;Enemy did minor damage (1dmg).\n;;;;;;;;;;;;;x
TOOLTIP_majordmg;Enemy did major damage (2 or more dmg).\n;;;;;;;;;;;;;x
#
TOOLTIP_enemy_magic_spell;Your enemy casted a spell.\n;;;;;;;;;;;;;x
TOOLTIP_enemy_combat;Enemy engaged you in physical combat.\n;;;;;;;;;;;;;x
TOOLTIP_enemy_magic_other;Enemy was prepared himself for magic combat.\n;;;;;;;;;;;;;x
TOOLTIP_enemy_nothing;Your enemy did nothing.\n;;;;;;;;;;;;;x